chain_start,model_id,train_date,test_date,training_day,dense_start,auc,copc,base_auc,auc_gap_vs_base,auc_gap_bp,is_baseline,status,source_count,canonical_source,canonical_sheet,auc_cell,copc_cell,base_auc_cell,sources_json
2026-07-01,base(bn-senet-dcnm),2026-07-01,2026-07-02,1,cold,0.864538,0.999353,0.864538,0.0,0.0,True,observed,3,docs/experiments/RankMixer-汇总-0909.xlsx,Sheet1,B26,C26,B26,"[{""source"":""docs/experiments/RankMixer-汇总-0909.xlsx"",""sheet"":""Sheet1"",""auc_cell"":""B26"",""copc_cell"":""C26"",""base_auc_cell"":""B26"",""test_date_cell"":""A26"",""model_header_cell"":""B23"",""metadata_cell"":""B24"",""metadata_raw"":""90M/0.1809GFLOPs""},{""source"":""docs/experiments/副本RankMixer-汇总-0909.xlsx"",""sheet"":""Sheet1"",""auc_cell"":""B26"",""copc_cell"":""C26"",""base_auc_cell"":""B26"",""test_date_cell"":""A26"",""model_header_cell"":""B23"",""metadata_cell"":""B24"",""metadata_raw"":""90M/0.1809GFLOPs""},{""source"":""docs/experiments/RankMixer-汇总.xlsx"",""sheet"":""Sheet1"",""auc_cell"":""B26"",""copc_cell"":""C26"",""base_auc_cell"":""B26"",""test_date_cell"":""A26"",""model_header_cell"":""B23"",""metadata_cell"":""B24"",""metadata_raw"":""90M/0.1809GFLOPs""}]"
2026-07-01,base(bn-senet-dcnm),2026-07-02,2026-07-03,2,warm,0.865633,0.995678,0.865633,0.0,0.0,True,observed,3,docs/experiments/RankMixer-汇总-0909.xlsx,Sheet1,B27,C27,B27,"[{""source"":""docs/experiments/RankMixer-汇总-0909.xlsx"",""sheet"":""Sheet1"",""auc_cell"":""B27"",""copc_cell"":""C27"",""base_auc_cell"":""B27"",""test_date_cell"":""A27"",""model_header_cell"":""B23"",""metadata_cell"":""B24"",""metadata_raw"":""90M/0.1809GFLOPs""},{""source"":""docs/experiments/副本RankMixer-汇总-0909.xlsx"",""sheet"":""Sheet1"",""auc_cell"":""B27"",""copc_cell"":""C27"",""base_auc_cell"":""B27"",""test_date_cell"":""A27"",""model_header_cell"":""B23"",""metadata_cell"":""B24"",""metadata_raw"":""90M/0.1809GFLOPs""},{""source"":""docs/experiments/RankMixer-汇总.xlsx"",""sheet"":""Sheet1"",""auc_cell"":""B27"",""copc_cell"":""C27"",""base_auc_cell"":""B27"",""test_date_cell"":""A27"",""model_header_cell"":""B23"",""metadata_cell"":""B24"",""metadata_raw"":""90M/0.1809GFLOPs""}]"
2026-07-01,base(bn-senet-dcnm),2026-07-03,2026-07-04,3,warm,0.86706,0.996078,0.86706,0.0,0.0,True,observed,3,docs/experiments/RankMixer-汇总-0909.xlsx,Sheet1,B28,C28,B28,"[{""source"":""docs/experiments/RankMixer-汇总-0909.xlsx"",""sheet"":""Sheet1"",""auc_cell"":""B28"",""copc_cell"":""C28"",""base_auc_cell"":""B28"",""test_date_cell"":""A28"",""model_header_cell"":""B23"",""metadata_cell"":""B24"",""metadata_raw"":""90M/0.1809GFLOPs""},{""source"":""docs/experiments/副本RankMixer-汇总-0909.xlsx"",""sheet"":""Sheet1"",""auc_cell"":""B28"",""copc_cell"":""C28"",""base_auc_cell"":""B28"",""test_date_cell"":""A28"",""model_header_cell"":""B23"",""metadata_cell"":""B24"",""metadata_raw"":""90M/0.1809GFLOPs""},{""source"":""docs/experiments/RankMixer-汇总.xlsx"",""sheet"":""Sheet1"",""auc_cell"":""B28"",""copc_cell"":""C28"",""base_auc_cell"":""B28"",""test_date_cell"":""A28"",""model_header_cell"":""B23"",""metadata_cell"":""B24"",""metadata_raw"":""90M/0.1809GFLOPs""}]"
2026-07-01,base(bn-senet-dcnm),2026-07-04,2026-07-05,4,warm,0.866114,1.009153,0.866114,0.0,0.0,True,observed,3,docs/experiments/RankMixer-汇总-0909.xlsx,Sheet1,B29,C29,B29,"[{""source"":""docs/experiments/RankMixer-汇总-0909.xlsx"",""sheet"":""Sheet1"",""auc_cell"":""B29"",""copc_cell"":""C29"",""base_auc_cell"":""B29"",""test_date_cell"":""A29"",""model_header_cell"":""B23"",""metadata_cell"":""B24"",""metadata_raw"":""90M/0.1809GFLOPs""},{""source"":""docs/experiments/副本RankMixer-汇总-0909.xlsx"",""sheet"":""Sheet1"",""auc_cell"":""B29"",""copc_cell"":""C29"",""base_auc_cell"":""B29"",""test_date_cell"":""A29"",""model_header_cell"":""B23"",""metadata_cell"":""B24"",""metadata_raw"":""90M/0.1809GFLOPs""},{""source"":""docs/experiments/RankMixer-汇总.xlsx"",""sheet"":""Sheet1"",""auc_cell"":""B29"",""copc_cell"":""C29"",""base_auc_cell"":""B29"",""test_date_cell"":""A29"",""model_header_cell"":""B23"",""metadata_cell"":""B24"",""metadata_raw"":""90M/0.1809GFLOPs""}]"
2026-07-01,base(bn-senet-dcnm),2026-07-05,2026-07-06,5,warm,0.86599,1.013088,0.86599,0.0,0.0,True,observed,3,docs/experiments/RankMixer-汇总-0909.xlsx,Sheet1,B30,C30,B30,"[{""source"":""docs/experiments/RankMixer-汇总-0909.xlsx"",""sheet"":""Sheet1"",""auc_cell"":""B30"",""copc_cell"":""C30"",""base_auc_cell"":""B30"",""test_date_cell"":""A30"",""model_header_cell"":""B23"",""metadata_cell"":""B24"",""metadata_raw"":""90M/0.1809GFLOPs""},{""source"":""docs/experiments/副本RankMixer-汇总-0909.xlsx"",""sheet"":""Sheet1"",""auc_cell"":""B30"",""copc_cell"":""C30"",""base_auc_cell"":""B30"",""test_date_cell"":""A30"",""model_header_cell"":""B23"",""metadata_cell"":""B24"",""metadata_raw"":""90M/0.1809GFLOPs""},{""source"":""docs/experiments/RankMixer-汇总.xlsx"",""sheet"":""Sheet1"",""auc_cell"":""B30"",""copc_cell"":""C30"",""base_auc_cell"":""B30"",""test_date_cell"":""A30"",""model_header_cell"":""B23"",""metadata_cell"":""B24"",""metadata_raw"":""90M/0.1809GFLOPs""}]"
2026-07-01,base(bn-senet-dcnm),2026-07-06,2026-07-07,6,warm,0.866681,1.013268,0.866681,0.0,0.0,True,observed,3,docs/experiments/RankMixer-汇总-0909.xlsx,Sheet1,B31,C31,B31,"[{""source"":""docs/experiments/RankMixer-汇总-0909.xlsx"",""sheet"":""Sheet1"",""auc_cell"":""B31"",""copc_cell"":""C31"",""base_auc_cell"":""B31"",""test_date_cell"":""A31"",""model_header_cell"":""B23"",""metadata_cell"":""B24"",""metadata_raw"":""90M/0.1809GFLOPs""},{""source"":""docs/experiments/副本RankMixer-汇总-0909.xlsx"",""sheet"":""Sheet1"",""auc_cell"":""B31"",""copc_cell"":""C31"",""base_auc_cell"":""B31"",""test_date_cell"":""A31"",""model_header_cell"":""B23"",""metadata_cell"":""B24"",""metadata_raw"":""90M/0.1809GFLOPs""},{""source"":""docs/experiments/RankMixer-汇总.xlsx"",""sheet"":""Sheet1"",""auc_cell"":""B31"",""copc_cell"":""C31"",""base_auc_cell"":""B31"",""test_date_cell"":""A31"",""model_header_cell"":""B23"",""metadata_cell"":""B24"",""metadata_raw"":""90M/0.1809GFLOPs""}]"
2026-07-01,base(bn-senet-dcnm),2026-07-07,2026-07-08,7,warm,0.867488,0.997224,0.867488,0.0,0.0,True,observed,3,docs/experiments/RankMixer-汇总-0909.xlsx,Sheet1,B32,C32,B32,"[{""source"":""docs/experiments/RankMixer-汇总-0909.xlsx"",""sheet"":""Sheet1"",""auc_cell"":""B32"",""copc_cell"":""C32"",""base_auc_cell"":""B32"",""test_date_cell"":""A32"",""model_header_cell"":""B23"",""metadata_cell"":""B24"",""metadata_raw"":""90M/0.1809GFLOPs""},{""source"":""docs/experiments/副本RankMixer-汇总-0909.xlsx"",""sheet"":""Sheet1"",""auc_cell"":""B32"",""copc_cell"":""C32"",""base_auc_cell"":""B32"",""test_date_cell"":""A32"",""model_header_cell"":""B23"",""metadata_cell"":""B24"",""metadata_raw"":""90M/0.1809GFLOPs""},{""source"":""docs/experiments/RankMixer-汇总.xlsx"",""sheet"":""Sheet1"",""auc_cell"":""B32"",""copc_cell"":""C32"",""base_auc_cell"":""B32"",""test_date_cell"":""A32"",""model_header_cell"":""B23"",""metadata_cell"":""B24"",""metadata_raw"":""90M/0.1809GFLOPs""}]"
2026-07-01,base(bn-senet-dcnm),2026-07-08,2026-07-09,8,warm,0.868414,1.007504,0.868414,0.0,0.0,True,observed,3,docs/experiments/RankMixer-汇总-0909.xlsx,Sheet1,B33,C33,B33,"[{""source"":""docs/experiments/RankMixer-汇总-0909.xlsx"",""sheet"":""Sheet1"",""auc_cell"":""B33"",""copc_cell"":""C33"",""base_auc_cell"":""B33"",""test_date_cell"":""A33"",""model_header_cell"":""B23"",""metadata_cell"":""B24"",""metadata_raw"":""90M/0.1809GFLOPs""},{""source"":""docs/experiments/副本RankMixer-汇总-0909.xlsx"",""sheet"":""Sheet1"",""auc_cell"":""B33"",""copc_cell"":""C33"",""base_auc_cell"":""B33"",""test_date_cell"":""A33"",""model_header_cell"":""B23"",""metadata_cell"":""B24"",""metadata_raw"":""90M/0.1809GFLOPs""},{""source"":""docs/experiments/RankMixer-汇总.xlsx"",""sheet"":""Sheet1"",""auc_cell"":""B33"",""copc_cell"":""C33"",""base_auc_cell"":""B33"",""test_date_cell"":""A33"",""model_header_cell"":""B23"",""metadata_cell"":""B24"",""metadata_raw"":""90M/0.1809GFLOPs""}]"
2026-07-01,base(bn-senet-dcnm),2026-07-09,2026-07-10,9,warm,0.868604,1.00558,0.868604,0.0,0.0,True,observed,3,docs/experiments/RankMixer-汇总-0909.xlsx,Sheet1,B34,C34,B34,"[{""source"":""docs/experiments/RankMixer-汇总-0909.xlsx"",""sheet"":""Sheet1"",""auc_cell"":""B34"",""copc_cell"":""C34"",""base_auc_cell"":""B34"",""test_date_cell"":""A34"",""model_header_cell"":""B23"",""metadata_cell"":""B24"",""metadata_raw"":""90M/0.1809GFLOPs""},{""source"":""docs/experiments/副本RankMixer-汇总-0909.xlsx"",""sheet"":""Sheet1"",""auc_cell"":""B34"",""copc_cell"":""C34"",""base_auc_cell"":""B34"",""test_date_cell"":""A34"",""model_header_cell"":""B23"",""metadata_cell"":""B24"",""metadata_raw"":""90M/0.1809GFLOPs""},{""source"":""docs/experiments/RankMixer-汇总.xlsx"",""sheet"":""Sheet1"",""auc_cell"":""B34"",""copc_cell"":""C34"",""base_auc_cell"":""B34"",""test_date_cell"":""A34"",""model_header_cell"":""B23"",""metadata_cell"":""B24"",""metadata_raw"":""90M/0.1809GFLOPs""}]"
2026-07-01,base(bn-senet-dcnm),2026-07-10,2026-07-11,10,warm,0.869244,1.003787,0.869244,0.0,0.0,True,observed,3,docs/experiments/RankMixer-汇总-0909.xlsx,Sheet1,B35,C35,B35,"[{""source"":""docs/experiments/RankMixer-汇总-0909.xlsx"",""sheet"":""Sheet1"",""auc_cell"":""B35"",""copc_cell"":""C35"",""base_auc_cell"":""B35"",""test_date_cell"":""A35"",""model_header_cell"":""B23"",""metadata_cell"":""B24"",""metadata_raw"":""90M/0.1809GFLOPs""},{""source"":""docs/experiments/副本RankMixer-汇总-0909.xlsx"",""sheet"":""Sheet1"",""auc_cell"":""B35"",""copc_cell"":""C35"",""base_auc_cell"":""B35"",""test_date_cell"":""A35"",""model_header_cell"":""B23"",""metadata_cell"":""B24"",""metadata_raw"":""90M/0.1809GFLOPs""},{""source"":""docs/experiments/RankMixer-汇总.xlsx"",""sheet"":""Sheet1"",""auc_cell"":""B35"",""copc_cell"":""C35"",""base_auc_cell"":""B35"",""test_date_cell"":""A35"",""model_header_cell"":""B23"",""metadata_cell"":""B24"",""metadata_raw"":""90M/0.1809GFLOPs""}]"
2026-07-01,base(bn-senet-dcnm),2026-07-11,2026-07-12,11,warm,0.869039,0.997258,0.869039,0.0,0.0,True,observed,3,docs/experiments/RankMixer-汇总-0909.xlsx,Sheet1,B36,C36,B36,"[{""source"":""docs/experiments/RankMixer-汇总-0909.xlsx"",""sheet"":""Sheet1"",""auc_cell"":""B36"",""copc_cell"":""C36"",""base_auc_cell"":""B36"",""test_date_cell"":""A36"",""model_header_cell"":""B23"",""metadata_cell"":""B24"",""metadata_raw"":""90M/0.1809GFLOPs""},{""source"":""docs/experiments/副本RankMixer-汇总-0909.xlsx"",""sheet"":""Sheet1"",""auc_cell"":""B36"",""copc_cell"":""C36"",""base_auc_cell"":""B36"",""test_date_cell"":""A36"",""model_header_cell"":""B23"",""metadata_cell"":""B24"",""metadata_raw"":""90M/0.1809GFLOPs""},{""source"":""docs/experiments/RankMixer-汇总.xlsx"",""sheet"":""Sheet1"",""auc_cell"":""B36"",""copc_cell"":""C36"",""base_auc_cell"":""B36"",""test_date_cell"":""A36"",""model_header_cell"":""B23"",""metadata_cell"":""B24"",""metadata_raw"":""90M/0.1809GFLOPs""}]"
2026-07-01,base(bn-senet-dcnm),2026-07-12,2026-07-13,12,warm,0.869139,0.996504,0.869139,0.0,0.0,True,observed,3,docs/experiments/RankMixer-汇总-0909.xlsx,Sheet1,B37,C37,B37,"[{""source"":""docs/experiments/RankMixer-汇总-0909.xlsx"",""sheet"":""Sheet1"",""auc_cell"":""B37"",""copc_cell"":""C37"",""base_auc_cell"":""B37"",""test_date_cell"":""A37"",""model_header_cell"":""B23"",""metadata_cell"":""B24"",""metadata_raw"":""90M/0.1809GFLOPs""},{""source"":""docs/experiments/副本RankMixer-汇总-0909.xlsx"",""sheet"":""Sheet1"",""auc_cell"":""B37"",""copc_cell"":""C37"",""base_auc_cell"":""B37"",""test_date_cell"":""A37"",""model_header_cell"":""B23"",""metadata_cell"":""B24"",""metadata_raw"":""90M/0.1809GFLOPs""},{""source"":""docs/experiments/RankMixer-汇总.xlsx"",""sheet"":""Sheet1"",""auc_cell"":""B37"",""copc_cell"":""C37"",""base_auc_cell"":""B37"",""test_date_cell"":""A37"",""model_header_cell"":""B23"",""metadata_cell"":""B24"",""metadata_raw"":""90M/0.1809GFLOPs""}]"
2026-07-01,base(bn-senet-dcnm),2026-07-13,2026-07-14,13,warm,0.869355,1.006872,0.869355,0.0,0.0,True,observed,3,docs/experiments/RankMixer-汇总-0909.xlsx,Sheet1,B38,C38,B38,"[{""source"":""docs/experiments/RankMixer-汇总-0909.xlsx"",""sheet"":""Sheet1"",""auc_cell"":""B38"",""copc_cell"":""C38"",""base_auc_cell"":""B38"",""test_date_cell"":""A38"",""model_header_cell"":""B23"",""metadata_cell"":""B24"",""metadata_raw"":""90M/0.1809GFLOPs""},{""source"":""docs/experiments/副本RankMixer-汇总-0909.xlsx"",""sheet"":""Sheet1"",""auc_cell"":""B38"",""copc_cell"":""C38"",""base_auc_cell"":""B38"",""test_date_cell"":""A38"",""model_header_cell"":""B23"",""metadata_cell"":""B24"",""metadata_raw"":""90M/0.1809GFLOPs""},{""source"":""docs/experiments/RankMixer-汇总.xlsx"",""sheet"":""Sheet1"",""auc_cell"":""B38"",""copc_cell"":""C38"",""base_auc_cell"":""B38"",""test_date_cell"":""A38"",""model_header_cell"":""B23"",""metadata_cell"":""B24"",""metadata_raw"":""90M/0.1809GFLOPs""}]"
2026-07-01,base(bn-senet-dcnm),2026-07-14,2026-07-15,14,warm,0.869151,0.993542,0.869151,0.0,0.0,True,observed,3,docs/experiments/RankMixer-汇总-0909.xlsx,Sheet1,B39,C39,B39,"[{""source"":""docs/experiments/RankMixer-汇总-0909.xlsx"",""sheet"":""Sheet1"",""auc_cell"":""B39"",""copc_cell"":""C39"",""base_auc_cell"":""B39"",""test_date_cell"":""A39"",""model_header_cell"":""B23"",""metadata_cell"":""B24"",""metadata_raw"":""90M/0.1809GFLOPs""},{""source"":""docs/experiments/副本RankMixer-汇总-0909.xlsx"",""sheet"":""Sheet1"",""auc_cell"":""B39"",""copc_cell"":""C39"",""base_auc_cell"":""B39"",""test_date_cell"":""A39"",""model_header_cell"":""B23"",""metadata_cell"":""B24"",""metadata_raw"":""90M/0.1809GFLOPs""},{""source"":""docs/experiments/RankMixer-汇总.xlsx"",""sheet"":""Sheet1"",""auc_cell"":""B39"",""copc_cell"":""C39"",""base_auc_cell"":""B39"",""test_date_cell"":""A39"",""model_header_cell"":""B23"",""metadata_cell"":""B24"",""metadata_raw"":""90M/0.1809GFLOPs""}]"
2026-07-01,base(bn-senet-dcnm),2026-07-15,2026-07-16,15,warm,0.869715,0.999701,0.869715,0.0,0.0,True,observed,3,docs/experiments/RankMixer-汇总-0909.xlsx,Sheet1,B40,C40,B40,"[{""source"":""docs/experiments/RankMixer-汇总-0909.xlsx"",""sheet"":""Sheet1"",""auc_cell"":""B40"",""copc_cell"":""C40"",""base_auc_cell"":""B40"",""test_date_cell"":""A40"",""model_header_cell"":""B23"",""metadata_cell"":""B24"",""metadata_raw"":""90M/0.1809GFLOPs""},{""source"":""docs/experiments/副本RankMixer-汇总-0909.xlsx"",""sheet"":""Sheet1"",""auc_cell"":""B40"",""copc_cell"":""C40"",""base_auc_cell"":""B40"",""test_date_cell"":""A40"",""model_header_cell"":""B23"",""metadata_cell"":""B24"",""metadata_raw"":""90M/0.1809GFLOPs""},{""source"":""docs/experiments/RankMixer-汇总.xlsx"",""sheet"":""Sheet1"",""auc_cell"":""B40"",""copc_cell"":""C40"",""base_auc_cell"":""B40"",""test_date_cell"":""A40"",""model_header_cell"":""B23"",""metadata_cell"":""B24"",""metadata_raw"":""90M/0.1809GFLOPs""}]"
2026-07-01,bn_rankmixer_v1,2026-07-01,2026-07-02,1,cold,0.862033,0.987065,0.864538,-0.002505,-25.05,False,observed,3,docs/experiments/RankMixer-汇总-0909.xlsx,Sheet1,G26,H26,B26,"[{""source"":""docs/experiments/RankMixer-汇总-0909.xlsx"",""sheet"":""Sheet1"",""auc_cell"":""G26"",""copc_cell"":""H26"",""base_auc_cell"":""B26"",""test_date_cell"":""A26"",""model_header_cell"":""G23"",""metadata_cell"":""G24"",""metadata_raw"":null,""reported_gap_cell"":""I26"",""reported_gap_value"":-0.0025049999999999795,""reported_gap_formula"":""=G26-B26""},{""source"":""docs/experiments/副本RankMixer-汇总-0909.xlsx"",""sheet"":""Sheet1"",""auc_cell"":""G26"",""copc_cell"":""H26"",""base_auc_cell"":""B26"",""test_date_cell"":""A26"",""model_header_cell"":""G23"",""metadata_cell"":""G24"",""metadata_raw"":null,""reported_gap_cell"":""I26"",""reported_gap_value"":-0.0025049999999999795,""reported_gap_formula"":""=G26-B26""},{""source"":""docs/experiments/RankMixer-汇总.xlsx"",""sheet"":""Sheet1"",""auc_cell"":""G26"",""copc_cell"":""H26"",""base_auc_cell"":""B26"",""test_date_cell"":""A26"",""model_header_cell"":""G23"",""metadata_cell"":""G24"",""metadata_raw"":null,""reported_gap_cell"":""I26"",""reported_gap_value"":-0.0025049999999999795,""reported_gap_formula"":""=G26-B26""}]"
2026-07-01,bn_rankmixer_v1,2026-07-02,2026-07-03,2,warm,0.86285,0.984521,0.865633,-0.002783,-27.83,False,observed,3,docs/experiments/RankMixer-汇总-0909.xlsx,Sheet1,G27,H27,B27,"[{""source"":""docs/experiments/RankMixer-汇总-0909.xlsx"",""sheet"":""Sheet1"",""auc_cell"":""G27"",""copc_cell"":""H27"",""base_auc_cell"":""B27"",""test_date_cell"":""A27"",""model_header_cell"":""G23"",""metadata_cell"":""G24"",""metadata_raw"":null,""reported_gap_cell"":""I27"",""reported_gap_value"":-0.00278299999999998,""reported_gap_formula"":""=G27-B27""},{""source"":""docs/experiments/副本RankMixer-汇总-0909.xlsx"",""sheet"":""Sheet1"",""auc_cell"":""G27"",""copc_cell"":""H27"",""base_auc_cell"":""B27"",""test_date_cell"":""A27"",""model_header_cell"":""G23"",""metadata_cell"":""G24"",""metadata_raw"":null,""reported_gap_cell"":""I27"",""reported_gap_value"":-0.00278299999999998,""reported_gap_formula"":""=G27-B27""},{""source"":""docs/experiments/RankMixer-汇总.xlsx"",""sheet"":""Sheet1"",""auc_cell"":""G27"",""copc_cell"":""H27"",""base_auc_cell"":""B27"",""test_date_cell"":""A27"",""model_header_cell"":""G23"",""metadata_cell"":""G24"",""metadata_raw"":null,""reported_gap_cell"":""I27"",""reported_gap_value"":-0.00278299999999998,""reported_gap_formula"":""=G27-B27""}]"
2026-07-01,bn_rankmixer_v1,2026-07-03,2026-07-04,3,warm,0.864362,1.017144,0.86706,-0.002698,-26.98,False,observed,3,docs/experiments/RankMixer-汇总-0909.xlsx,Sheet1,G28,H28,B28,"[{""source"":""docs/experiments/RankMixer-汇总-0909.xlsx"",""sheet"":""Sheet1"",""auc_cell"":""G28"",""copc_cell"":""H28"",""base_auc_cell"":""B28"",""test_date_cell"":""A28"",""model_header_cell"":""G23"",""metadata_cell"":""G24"",""metadata_raw"":null,""reported_gap_cell"":""I28"",""reported_gap_value"":-0.002698000000000089,""reported_gap_formula"":""=G28-B28""},{""source"":""docs/experiments/副本RankMixer-汇总-0909.xlsx"",""sheet"":""Sheet1"",""auc_cell"":""G28"",""copc_cell"":""H28"",""base_auc_cell"":""B28"",""test_date_cell"":""A28"",""model_header_cell"":""G23"",""metadata_cell"":""G24"",""metadata_raw"":null,""reported_gap_cell"":""I28"",""reported_gap_value"":-0.002698000000000089,""reported_gap_formula"":""=G28-B28""},{""source"":""docs/experiments/RankMixer-汇总.xlsx"",""sheet"":""Sheet1"",""auc_cell"":""G28"",""copc_cell"":""H28"",""base_auc_cell"":""B28"",""test_date_cell"":""A28"",""model_header_cell"":""G23"",""metadata_cell"":""G24"",""metadata_raw"":null,""reported_gap_cell"":""I28"",""reported_gap_value"":-0.002698000000000089,""reported_gap_formula"":""=G28-B28""}]"
2026-07-01,bn_rankmixer_v1,2026-07-04,2026-07-05,4,warm,0.863436,1.000928,0.866114,-0.002678,-26.78,False,observed,3,docs/experiments/RankMixer-汇总-0909.xlsx,Sheet1,G29,H29,B29,"[{""source"":""docs/experiments/RankMixer-汇总-0909.xlsx"",""sheet"":""Sheet1"",""auc_cell"":""G29"",""copc_cell"":""H29"",""base_auc_cell"":""B29"",""test_date_cell"":""A29"",""model_header_cell"":""G23"",""metadata_cell"":""G24"",""metadata_raw"":null,""reported_gap_cell"":""I29"",""reported_gap_value"":-0.002678000000000069,""reported_gap_formula"":""=G29-B29""},{""source"":""docs/experiments/副本RankMixer-汇总-0909.xlsx"",""sheet"":""Sheet1"",""auc_cell"":""G29"",""copc_cell"":""H29"",""base_auc_cell"":""B29"",""test_date_cell"":""A29"",""model_header_cell"":""G23"",""metadata_cell"":""G24"",""metadata_raw"":null,""reported_gap_cell"":""I29"",""reported_gap_value"":-0.002678000000000069,""reported_gap_formula"":""=G29-B29""},{""source"":""docs/experiments/RankMixer-汇总.xlsx"",""sheet"":""Sheet1"",""auc_cell"":""G29"",""copc_cell"":""H29"",""base_auc_cell"":""B29"",""test_date_cell"":""A29"",""model_header_cell"":""G23"",""metadata_cell"":""G24"",""metadata_raw"":null,""reported_gap_cell"":""I29"",""reported_gap_value"":-0.002678000000000069,""reported_gap_formula"":""=G29-B29""}]"
2026-07-01,bn_rankmixer_v2,2026-07-01,2026-07-02,1,cold,0.86269,1.015013,0.864538,-0.001848,-18.48,False,observed,3,docs/experiments/RankMixer-汇总-0909.xlsx,Sheet1,J26,K26,B26,"[{""source"":""docs/experiments/RankMixer-汇总-0909.xlsx"",""sheet"":""Sheet1"",""auc_cell"":""J26"",""copc_cell"":""K26"",""base_auc_cell"":""B26"",""test_date_cell"":""A26"",""model_header_cell"":""J23"",""metadata_cell"":""J24"",""metadata_raw"":null,""reported_gap_cell"":""L26"",""reported_gap_value"":-0.0018480000000000718,""reported_gap_formula"":""=J26-B26""},{""source"":""docs/experiments/副本RankMixer-汇总-0909.xlsx"",""sheet"":""Sheet1"",""auc_cell"":""J26"",""copc_cell"":""K26"",""base_auc_cell"":""B26"",""test_date_cell"":""A26"",""model_header_cell"":""J23"",""metadata_cell"":""J24"",""metadata_raw"":null,""reported_gap_cell"":""L26"",""reported_gap_value"":-0.0018480000000000718,""reported_gap_formula"":""=J26-B26""},{""source"":""docs/experiments/RankMixer-汇总.xlsx"",""sheet"":""Sheet1"",""auc_cell"":""J26"",""copc_cell"":""K26"",""base_auc_cell"":""B26"",""test_date_cell"":""A26"",""model_header_cell"":""J23"",""metadata_cell"":""J24"",""metadata_raw"":null,""reported_gap_cell"":""L26"",""reported_gap_value"":-0.0018480000000000718,""reported_gap_formula"":""=J26-B26""}]"
2026-07-01,bn_rankmixer_v3,2026-07-01,2026-07-02,1,cold,0.862991,1.01388,0.864538,-0.001547,-15.47,False,observed,3,docs/experiments/RankMixer-汇总-0909.xlsx,Sheet1,M26,N26,B26,"[{""source"":""docs/experiments/RankMixer-汇总-0909.xlsx"",""sheet"":""Sheet1"",""auc_cell"":""M26"",""copc_cell"":""N26"",""base_auc_cell"":""B26"",""test_date_cell"":""A26"",""model_header_cell"":""M23"",""metadata_cell"":""M24"",""metadata_raw"":null,""reported_gap_cell"":""O26"",""reported_gap_value"":-0.001547000000000076,""reported_gap_formula"":""=M26-B26""},{""source"":""docs/experiments/副本RankMixer-汇总-0909.xlsx"",""sheet"":""Sheet1"",""auc_cell"":""M26"",""copc_cell"":""N26"",""base_auc_cell"":""B26"",""test_date_cell"":""A26"",""model_header_cell"":""M23"",""metadata_cell"":""M24"",""metadata_raw"":null,""reported_gap_cell"":""O26"",""reported_gap_value"":-0.001547000000000076,""reported_gap_formula"":""=M26-B26""},{""source"":""docs/experiments/RankMixer-汇总.xlsx"",""sheet"":""Sheet1"",""auc_cell"":""M26"",""copc_cell"":""N26"",""base_auc_cell"":""B26"",""test_date_cell"":""A26"",""model_header_cell"":""M23"",""metadata_cell"":""M24"",""metadata_raw"":null,""reported_gap_cell"":""O26"",""reported_gap_value"":-0.001547000000000076,""reported_gap_formula"":""=M26-B26""}]"
2026-07-01,bn_rankmixer_v3,2026-07-02,2026-07-03,2,warm,0.864324,0.994684,0.865633,-0.001309,-13.09,False,observed,3,docs/experiments/RankMixer-汇总-0909.xlsx,Sheet1,M27,N27,B27,"[{""source"":""docs/experiments/RankMixer-汇总-0909.xlsx"",""sheet"":""Sheet1"",""auc_cell"":""M27"",""copc_cell"":""N27"",""base_auc_cell"":""B27"",""test_date_cell"":""A27"",""model_header_cell"":""M23"",""metadata_cell"":""M24"",""metadata_raw"":null,""reported_gap_cell"":""O27"",""reported_gap_value"":-0.0013090000000000046,""reported_gap_formula"":""=M27-B27""},{""source"":""docs/experiments/副本RankMixer-汇总-0909.xlsx"",""sheet"":""Sheet1"",""auc_cell"":""M27"",""copc_cell"":""N27"",""base_auc_cell"":""B27"",""test_date_cell"":""A27"",""model_header_cell"":""M23"",""metadata_cell"":""M24"",""metadata_raw"":null,""reported_gap_cell"":""O27"",""reported_gap_value"":-0.0013090000000000046,""reported_gap_formula"":""=M27-B27""},{""source"":""docs/experiments/RankMixer-汇总.xlsx"",""sheet"":""Sheet1"",""auc_cell"":""M27"",""copc_cell"":""N27"",""base_auc_cell"":""B27"",""test_date_cell"":""A27"",""model_header_cell"":""M23"",""metadata_cell"":""M24"",""metadata_raw"":null,""reported_gap_cell"":""O27"",""reported_gap_value"":-0.0013090000000000046,""reported_gap_formula"":""=M27-B27""}]"
2026-07-01,bn_rankmixer_v3,2026-07-03,2026-07-04,3,warm,0.865902,1.006273,0.86706,-0.001158,-11.58,False,observed,3,docs/experiments/RankMixer-汇总-0909.xlsx,Sheet1,M28,N28,B28,"[{""source"":""docs/experiments/RankMixer-汇总-0909.xlsx"",""sheet"":""Sheet1"",""auc_cell"":""M28"",""copc_cell"":""N28"",""base_auc_cell"":""B28"",""test_date_cell"":""A28"",""model_header_cell"":""M23"",""metadata_cell"":""M24"",""metadata_raw"":null,""reported_gap_cell"":""O28"",""reported_gap_value"":-0.0011580000000001034,""reported_gap_formula"":""=M28-B28""},{""source"":""docs/experiments/副本RankMixer-汇总-0909.xlsx"",""sheet"":""Sheet1"",""auc_cell"":""M28"",""copc_cell"":""N28"",""base_auc_cell"":""B28"",""test_date_cell"":""A28"",""model_header_cell"":""M23"",""metadata_cell"":""M24"",""metadata_raw"":null,""reported_gap_cell"":""O28"",""reported_gap_value"":-0.0011580000000001034,""reported_gap_formula"":""=M28-B28""},{""source"":""docs/experiments/RankMixer-汇总.xlsx"",""sheet"":""Sheet1"",""auc_cell"":""M28"",""copc_cell"":""N28"",""base_auc_cell"":""B28"",""test_date_cell"":""A28"",""model_header_cell"":""M23"",""metadata_cell"":""M24"",""metadata_raw"":null,""reported_gap_cell"":""O28"",""reported_gap_value"":-0.0011580000000001034,""reported_gap_formula"":""=M28-B28""}]"
2026-07-01,bn_rankmixer_v3,2026-07-04,2026-07-05,4,warm,0.865013,0.991048,0.866114,-0.001101,-11.01,False,observed,3,docs/experiments/RankMixer-汇总-0909.xlsx,Sheet1,M29,N29,B29,"[{""source"":""docs/experiments/RankMixer-汇总-0909.xlsx"",""sheet"":""Sheet1"",""auc_cell"":""M29"",""copc_cell"":""N29"",""base_auc_cell"":""B29"",""test_date_cell"":""A29"",""model_header_cell"":""M23"",""metadata_cell"":""M24"",""metadata_raw"":null,""reported_gap_cell"":""O29"",""reported_gap_value"":-0.0011010000000000186,""reported_gap_formula"":""=M29-B29""},{""source"":""docs/experiments/副本RankMixer-汇总-0909.xlsx"",""sheet"":""Sheet1"",""auc_cell"":""M29"",""copc_cell"":""N29"",""base_auc_cell"":""B29"",""test_date_cell"":""A29"",""model_header_cell"":""M23"",""metadata_cell"":""M24"",""metadata_raw"":null,""reported_gap_cell"":""O29"",""reported_gap_value"":-0.0011010000000000186,""reported_gap_formula"":""=M29-B29""},{""source"":""docs/experiments/RankMixer-汇总.xlsx"",""sheet"":""Sheet1"",""auc_cell"":""M29"",""copc_cell"":""N29"",""base_auc_cell"":""B29"",""test_date_cell"":""A29"",""model_header_cell"":""M23"",""metadata_cell"":""M24"",""metadata_raw"":null,""reported_gap_cell"":""O29"",""reported_gap_value"":-0.0011010000000000186,""reported_gap_formula"":""=M29-B29""}]"
2026-07-01,bn_rankmixer_v3,2026-07-05,2026-07-06,5,warm,0.864862,1.002946,0.86599,-0.001128,-11.28,False,observed,3,docs/experiments/RankMixer-汇总-0909.xlsx,Sheet1,M30,N30,B30,"[{""source"":""docs/experiments/RankMixer-汇总-0909.xlsx"",""sheet"":""Sheet1"",""auc_cell"":""M30"",""copc_cell"":""N30"",""base_auc_cell"":""B30"",""test_date_cell"":""A30"",""model_header_cell"":""M23"",""metadata_cell"":""M24"",""metadata_raw"":null,""reported_gap_cell"":""O30"",""reported_gap_value"":-0.0011280000000000179,""reported_gap_formula"":""=M30-B30""},{""source"":""docs/experiments/副本RankMixer-汇总-0909.xlsx"",""sheet"":""Sheet1"",""auc_cell"":""M30"",""copc_cell"":""N30"",""base_auc_cell"":""B30"",""test_date_cell"":""A30"",""model_header_cell"":""M23"",""metadata_cell"":""M24"",""metadata_raw"":null,""reported_gap_cell"":""O30"",""reported_gap_value"":-0.0011280000000000179,""reported_gap_formula"":""=M30-B30""},{""source"":""docs/experiments/RankMixer-汇总.xlsx"",""sheet"":""Sheet1"",""auc_cell"":""M30"",""copc_cell"":""N30"",""base_auc_cell"":""B30"",""test_date_cell"":""A30"",""model_header_cell"":""M23"",""metadata_cell"":""M24"",""metadata_raw"":null,""reported_gap_cell"":""O30"",""reported_gap_value"":-0.0011280000000000179,""reported_gap_formula"":""=M30-B30""}]"
2026-07-01,bn_rankmixer_v3,2026-07-06,2026-07-07,6,warm,0.865544,1.013556,0.866681,-0.001137,-11.37,False,observed,3,docs/experiments/RankMixer-汇总-0909.xlsx,Sheet1,M31,N31,B31,"[{""source"":""docs/experiments/RankMixer-汇总-0909.xlsx"",""sheet"":""Sheet1"",""auc_cell"":""M31"",""copc_cell"":""N31"",""base_auc_cell"":""B31"",""test_date_cell"":""A31"",""model_header_cell"":""M23"",""metadata_cell"":""M24"",""metadata_raw"":null,""reported_gap_cell"":""O31"",""reported_gap_value"":-0.0011370000000000546,""reported_gap_formula"":""=M31-B31""},{""source"":""docs/experiments/副本RankMixer-汇总-0909.xlsx"",""sheet"":""Sheet1"",""auc_cell"":""M31"",""copc_cell"":""N31"",""base_auc_cell"":""B31"",""test_date_cell"":""A31"",""model_header_cell"":""M23"",""metadata_cell"":""M24"",""metadata_raw"":null,""reported_gap_cell"":""O31"",""reported_gap_value"":-0.0011370000000000546,""reported_gap_formula"":""=M31-B31""},{""source"":""docs/experiments/RankMixer-汇总.xlsx"",""sheet"":""Sheet1"",""auc_cell"":""M31"",""copc_cell"":""N31"",""base_auc_cell"":""B31"",""test_date_cell"":""A31"",""model_header_cell"":""M23"",""metadata_cell"":""M24"",""metadata_raw"":null,""reported_gap_cell"":""O31"",""reported_gap_value"":-0.0011370000000000546,""reported_gap_formula"":""=M31-B31""}]"
2026-07-01,bn_rankmixer_v3,2026-07-07,2026-07-08,7,warm,0.866401,1.010243,0.867488,-0.001087,-10.87,False,observed,3,docs/experiments/RankMixer-汇总-0909.xlsx,Sheet1,M32,N32,B32,"[{""source"":""docs/experiments/RankMixer-汇总-0909.xlsx"",""sheet"":""Sheet1"",""auc_cell"":""M32"",""copc_cell"":""N32"",""base_auc_cell"":""B32"",""test_date_cell"":""A32"",""model_header_cell"":""M23"",""metadata_cell"":""M24"",""metadata_raw"":null,""reported_gap_cell"":""O32"",""reported_gap_value"":-0.0010870000000000601,""reported_gap_formula"":""=M32-B32""},{""source"":""docs/experiments/副本RankMixer-汇总-0909.xlsx"",""sheet"":""Sheet1"",""auc_cell"":""M32"",""copc_cell"":""N32"",""base_auc_cell"":""B32"",""test_date_cell"":""A32"",""model_header_cell"":""M23"",""metadata_cell"":""M24"",""metadata_raw"":null,""reported_gap_cell"":""O32"",""reported_gap_value"":-0.0010870000000000601,""reported_gap_formula"":""=M32-B32""},{""source"":""docs/experiments/RankMixer-汇总.xlsx"",""sheet"":""Sheet1"",""auc_cell"":""M32"",""copc_cell"":""N32"",""base_auc_cell"":""B32"",""test_date_cell"":""A32"",""model_header_cell"":""M23"",""metadata_cell"":""M24"",""metadata_raw"":null,""reported_gap_cell"":""O32"",""reported_gap_value"":-0.0010870000000000601,""reported_gap_formula"":""=M32-B32""}]"
2026-07-01,bn_rankmixer_v4,2026-07-01,2026-07-02,1,cold,0.862709,0.995042,0.864538,-0.001829,-18.29,False,observed,3,docs/experiments/RankMixer-汇总-0909.xlsx,Sheet1,P26,Q26,B26,"[{""source"":""docs/experiments/RankMixer-汇总-0909.xlsx"",""sheet"":""Sheet1"",""auc_cell"":""P26"",""copc_cell"":""Q26"",""base_auc_cell"":""B26"",""test_date_cell"":""A26"",""model_header_cell"":""P23"",""metadata_cell"":""P24"",""metadata_raw"":null,""reported_gap_cell"":""R26"",""reported_gap_value"":-0.0018290000000000806,""reported_gap_formula"":""=P26-B26""},{""source"":""docs/experiments/副本RankMixer-汇总-0909.xlsx"",""sheet"":""Sheet1"",""auc_cell"":""P26"",""copc_cell"":""Q26"",""base_auc_cell"":""B26"",""test_date_cell"":""A26"",""model_header_cell"":""P23"",""metadata_cell"":""P24"",""metadata_raw"":null,""reported_gap_cell"":""R26"",""reported_gap_value"":-0.0018290000000000806,""reported_gap_formula"":""=P26-B26""},{""source"":""docs/experiments/RankMixer-汇总.xlsx"",""sheet"":""Sheet1"",""auc_cell"":""P26"",""copc_cell"":""Q26"",""base_auc_cell"":""B26"",""test_date_cell"":""A26"",""model_header_cell"":""P23"",""metadata_cell"":""P24"",""metadata_raw"":null,""reported_gap_cell"":""R26"",""reported_gap_value"":-0.0018290000000000806,""reported_gap_formula"":""=P26-B26""}]"
2026-07-01,bn_rankmixer_v5,2026-07-01,2026-07-02,1,cold,0.863747,1.003826,0.864538,-0.000791,-7.91,False,observed,3,docs/experiments/RankMixer-汇总-0909.xlsx,Sheet1,V26,W26,B26,"[{""source"":""docs/experiments/RankMixer-汇总-0909.xlsx"",""sheet"":""Sheet1"",""auc_cell"":""V26"",""copc_cell"":""W26"",""base_auc_cell"":""B26"",""test_date_cell"":""A26"",""model_header_cell"":""V23"",""metadata_cell"":""V24"",""metadata_raw"":null,""reported_gap_cell"":""X26"",""reported_gap_value"":-0.0007909999999999862,""reported_gap_formula"":""=V26-B26""},{""source"":""docs/experiments/副本RankMixer-汇总-0909.xlsx"",""sheet"":""Sheet1"",""auc_cell"":""V26"",""copc_cell"":""W26"",""base_auc_cell"":""B26"",""test_date_cell"":""A26"",""model_header_cell"":""V23"",""metadata_cell"":""V24"",""metadata_raw"":null,""reported_gap_cell"":""X26"",""reported_gap_value"":-0.0007909999999999862,""reported_gap_formula"":""=V26-B26""},{""source"":""docs/experiments/RankMixer-汇总.xlsx"",""sheet"":""Sheet1"",""auc_cell"":""V26"",""copc_cell"":""W26"",""base_auc_cell"":""B26"",""test_date_cell"":""A26"",""model_header_cell"":""V23"",""metadata_cell"":""V24"",""metadata_raw"":null,""reported_gap_cell"":""X26"",""reported_gap_value"":-0.0007909999999999862,""reported_gap_formula"":""=V26-B26""}]"
2026-07-01,bn_rankmixer_v5,2026-07-02,2026-07-03,2,warm,0.864929,0.991724,0.865633,-0.000704,-7.04,False,observed,3,docs/experiments/RankMixer-汇总-0909.xlsx,Sheet1,V27,W27,B27,"[{""source"":""docs/experiments/RankMixer-汇总-0909.xlsx"",""sheet"":""Sheet1"",""auc_cell"":""V27"",""copc_cell"":""W27"",""base_auc_cell"":""B27"",""test_date_cell"":""A27"",""model_header_cell"":""V23"",""metadata_cell"":""V24"",""metadata_raw"":null,""reported_gap_cell"":""X27"",""reported_gap_value"":-0.0007040000000000379,""reported_gap_formula"":""=V27-B27""},{""source"":""docs/experiments/副本RankMixer-汇总-0909.xlsx"",""sheet"":""Sheet1"",""auc_cell"":""V27"",""copc_cell"":""W27"",""base_auc_cell"":""B27"",""test_date_cell"":""A27"",""model_header_cell"":""V23"",""metadata_cell"":""V24"",""metadata_raw"":null,""reported_gap_cell"":""X27"",""reported_gap_value"":-0.0007040000000000379,""reported_gap_formula"":""=V27-B27""},{""source"":""docs/experiments/RankMixer-汇总.xlsx"",""sheet"":""Sheet1"",""auc_cell"":""V27"",""copc_cell"":""W27"",""base_auc_cell"":""B27"",""test_date_cell"":""A27"",""model_header_cell"":""V23"",""metadata_cell"":""V24"",""metadata_raw"":null,""reported_gap_cell"":""X27"",""reported_gap_value"":null,""reported_gap_formula"":null}]"
2026-07-01,bn_rankmixer_v5,2026-07-03,2026-07-04,3,warm,0.866454,1.007756,0.86706,-0.000606,-6.06,False,observed,3,docs/experiments/RankMixer-汇总-0909.xlsx,Sheet1,V28,W28,B28,"[{""source"":""docs/experiments/RankMixer-汇总-0909.xlsx"",""sheet"":""Sheet1"",""auc_cell"":""V28"",""copc_cell"":""W28"",""base_auc_cell"":""B28"",""test_date_cell"":""A28"",""model_header_cell"":""V23"",""metadata_cell"":""V24"",""metadata_raw"":null,""reported_gap_cell"":""X28"",""reported_gap_value"":-0.0006060000000001065,""reported_gap_formula"":""=V28-B28""},{""source"":""docs/experiments/副本RankMixer-汇总-0909.xlsx"",""sheet"":""Sheet1"",""auc_cell"":""V28"",""copc_cell"":""W28"",""base_auc_cell"":""B28"",""test_date_cell"":""A28"",""model_header_cell"":""V23"",""metadata_cell"":""V24"",""metadata_raw"":null,""reported_gap_cell"":""X28"",""reported_gap_value"":-0.0006060000000001065,""reported_gap_formula"":""=V28-B28""},{""source"":""docs/experiments/RankMixer-汇总.xlsx"",""sheet"":""Sheet1"",""auc_cell"":""V28"",""copc_cell"":""W28"",""base_auc_cell"":""B28"",""test_date_cell"":""A28"",""model_header_cell"":""V23"",""metadata_cell"":""V24"",""metadata_raw"":null,""reported_gap_cell"":""X28"",""reported_gap_value"":null,""reported_gap_formula"":null}]"
2026-07-01,rankmixer_v1,2026-07-01,2026-07-02,1,cold,0.858606,1.002679,0.864538,-0.005932,-59.32,False,observed,3,docs/experiments/RankMixer-汇总-0909.xlsx,Sheet1,D26,E26,B26,"[{""source"":""docs/experiments/RankMixer-汇总-0909.xlsx"",""sheet"":""Sheet1"",""auc_cell"":""D26"",""copc_cell"":""E26"",""base_auc_cell"":""B26"",""test_date_cell"":""A26"",""model_header_cell"":""D23"",""metadata_cell"":""D24"",""metadata_raw"":null,""reported_gap_cell"":""F26"",""reported_gap_value"":-0.005932000000000048,""reported_gap_formula"":""=D26-B26""},{""source"":""docs/experiments/副本RankMixer-汇总-0909.xlsx"",""sheet"":""Sheet1"",""auc_cell"":""D26"",""copc_cell"":""E26"",""base_auc_cell"":""B26"",""test_date_cell"":""A26"",""model_header_cell"":""D23"",""metadata_cell"":""D24"",""metadata_raw"":null,""reported_gap_cell"":""F26"",""reported_gap_value"":-0.005932000000000048,""reported_gap_formula"":""=D26-B26""},{""source"":""docs/experiments/RankMixer-汇总.xlsx"",""sheet"":""Sheet1"",""auc_cell"":""D26"",""copc_cell"":""E26"",""base_auc_cell"":""B26"",""test_date_cell"":""A26"",""model_header_cell"":""D23"",""metadata_cell"":""D24"",""metadata_raw"":null,""reported_gap_cell"":""F26"",""reported_gap_value"":-0.005932000000000048,""reported_gap_formula"":""=D26-B26""}]"
2026-07-01,rankmixer_v1,2026-07-02,2026-07-03,2,warm,0.860093,0.97649,0.865633,-0.00554,-55.4,False,observed,3,docs/experiments/RankMixer-汇总-0909.xlsx,Sheet1,D27,E27,B27,"[{""source"":""docs/experiments/RankMixer-汇总-0909.xlsx"",""sheet"":""Sheet1"",""auc_cell"":""D27"",""copc_cell"":""E27"",""base_auc_cell"":""B27"",""test_date_cell"":""A27"",""model_header_cell"":""D23"",""metadata_cell"":""D24"",""metadata_raw"":null,""reported_gap_cell"":""F27"",""reported_gap_value"":-0.005539999999999989,""reported_gap_formula"":""=D27-B27""},{""source"":""docs/experiments/副本RankMixer-汇总-0909.xlsx"",""sheet"":""Sheet1"",""auc_cell"":""D27"",""copc_cell"":""E27"",""base_auc_cell"":""B27"",""test_date_cell"":""A27"",""model_header_cell"":""D23"",""metadata_cell"":""D24"",""metadata_raw"":null,""reported_gap_cell"":""F27"",""reported_gap_value"":-0.005539999999999989,""reported_gap_formula"":""=D27-B27""},{""source"":""docs/experiments/RankMixer-汇总.xlsx"",""sheet"":""Sheet1"",""auc_cell"":""D27"",""copc_cell"":""E27"",""base_auc_cell"":""B27"",""test_date_cell"":""A27"",""model_header_cell"":""D23"",""metadata_cell"":""D24"",""metadata_raw"":null,""reported_gap_cell"":""F27"",""reported_gap_value"":-0.005539999999999989,""reported_gap_formula"":""=D27-B27""}]"
2026-07-01,rankmixer_v1,2026-07-03,2026-07-04,3,warm,0.861917,0.988776,0.86706,-0.005143,-51.43,False,observed,3,docs/experiments/RankMixer-汇总-0909.xlsx,Sheet1,D28,E28,B28,"[{""source"":""docs/experiments/RankMixer-汇总-0909.xlsx"",""sheet"":""Sheet1"",""auc_cell"":""D28"",""copc_cell"":""E28"",""base_auc_cell"":""B28"",""test_date_cell"":""A28"",""model_header_cell"":""D23"",""metadata_cell"":""D24"",""metadata_raw"":null,""reported_gap_cell"":""F28"",""reported_gap_value"":-0.005143000000000009,""reported_gap_formula"":""=D28-B28""},{""source"":""docs/experiments/副本RankMixer-汇总-0909.xlsx"",""sheet"":""Sheet1"",""auc_cell"":""D28"",""copc_cell"":""E28"",""base_auc_cell"":""B28"",""test_date_cell"":""A28"",""model_header_cell"":""D23"",""metadata_cell"":""D24"",""metadata_raw"":null,""reported_gap_cell"":""F28"",""reported_gap_value"":-0.005143000000000009,""reported_gap_formula"":""=D28-B28""},{""source"":""docs/experiments/RankMixer-汇总.xlsx"",""sheet"":""Sheet1"",""auc_cell"":""D28"",""copc_cell"":""E28"",""base_auc_cell"":""B28"",""test_date_cell"":""A28"",""model_header_cell"":""D23"",""metadata_cell"":""D24"",""metadata_raw"":null,""reported_gap_cell"":""F28"",""reported_gap_value"":-0.005143000000000009,""reported_gap_formula"":""=D28-B28""}]"
2026-07-01,rankmixer_v1,2026-07-04,2026-07-05,4,warm,0.86113,0.995731,0.866114,-0.004984,-49.84,False,observed,3,docs/experiments/RankMixer-汇总-0909.xlsx,Sheet1,D29,E29,B29,"[{""source"":""docs/experiments/RankMixer-汇总-0909.xlsx"",""sheet"":""Sheet1"",""auc_cell"":""D29"",""copc_cell"":""E29"",""base_auc_cell"":""B29"",""test_date_cell"":""A29"",""model_header_cell"":""D23"",""metadata_cell"":""D24"",""metadata_raw"":null,""reported_gap_cell"":""F29"",""reported_gap_value"":-0.0049840000000000995,""reported_gap_formula"":""=D29-B29""},{""source"":""docs/experiments/副本RankMixer-汇总-0909.xlsx"",""sheet"":""Sheet1"",""auc_cell"":""D29"",""copc_cell"":""E29"",""base_auc_cell"":""B29"",""test_date_cell"":""A29"",""model_header_cell"":""D23"",""metadata_cell"":""D24"",""metadata_raw"":null,""reported_gap_cell"":""F29"",""reported_gap_value"":-0.0049840000000000995,""reported_gap_formula"":""=D29-B29""},{""source"":""docs/experiments/RankMixer-汇总.xlsx"",""sheet"":""Sheet1"",""auc_cell"":""D29"",""copc_cell"":""E29"",""base_auc_cell"":""B29"",""test_date_cell"":""A29"",""model_header_cell"":""D23"",""metadata_cell"":""D24"",""metadata_raw"":null,""reported_gap_cell"":""F29"",""reported_gap_value"":-0.0049840000000000995,""reported_gap_formula"":""=D29-B29""}]"
2026-07-01,rankmixer_v1,2026-07-05,2026-07-06,5,warm,0.861049,0.998041,0.86599,-0.004941,-49.41,False,observed,3,docs/experiments/RankMixer-汇总-0909.xlsx,Sheet1,D30,E30,B30,"[{""source"":""docs/experiments/RankMixer-汇总-0909.xlsx"",""sheet"":""Sheet1"",""auc_cell"":""D30"",""copc_cell"":""E30"",""base_auc_cell"":""B30"",""test_date_cell"":""A30"",""model_header_cell"":""D23"",""metadata_cell"":""D24"",""metadata_raw"":null,""reported_gap_cell"":""F30"",""reported_gap_value"":-0.004941000000000084,""reported_gap_formula"":""=D30-B30""},{""source"":""docs/experiments/副本RankMixer-汇总-0909.xlsx"",""sheet"":""Sheet1"",""auc_cell"":""D30"",""copc_cell"":""E30"",""base_auc_cell"":""B30"",""test_date_cell"":""A30"",""model_header_cell"":""D23"",""metadata_cell"":""D24"",""metadata_raw"":null,""reported_gap_cell"":""F30"",""reported_gap_value"":-0.004941000000000084,""reported_gap_formula"":""=D30-B30""},{""source"":""docs/experiments/RankMixer-汇总.xlsx"",""sheet"":""Sheet1"",""auc_cell"":""D30"",""copc_cell"":""E30"",""base_auc_cell"":""B30"",""test_date_cell"":""A30"",""model_header_cell"":""D23"",""metadata_cell"":""D24"",""metadata_raw"":null,""reported_gap_cell"":""F30"",""reported_gap_value"":-0.004941000000000084,""reported_gap_formula"":""=D30-B30""}]"
2026-07-01,rankmixer_v1,2026-07-06,2026-07-07,6,warm,0.861717,0.990904,0.866681,-0.004964,-49.64,False,observed,3,docs/experiments/RankMixer-汇总-0909.xlsx,Sheet1,D31,E31,B31,"[{""source"":""docs/experiments/RankMixer-汇总-0909.xlsx"",""sheet"":""Sheet1"",""auc_cell"":""D31"",""copc_cell"":""E31"",""base_auc_cell"":""B31"",""test_date_cell"":""A31"",""model_header_cell"":""D23"",""metadata_cell"":""D24"",""metadata_raw"":null,""reported_gap_cell"":""F31"",""reported_gap_value"":-0.0049640000000000795,""reported_gap_formula"":""=D31-B31""},{""source"":""docs/experiments/副本RankMixer-汇总-0909.xlsx"",""sheet"":""Sheet1"",""auc_cell"":""D31"",""copc_cell"":""E31"",""base_auc_cell"":""B31"",""test_date_cell"":""A31"",""model_header_cell"":""D23"",""metadata_cell"":""D24"",""metadata_raw"":null,""reported_gap_cell"":""F31"",""reported_gap_value"":-0.0049640000000000795,""reported_gap_formula"":""=D31-B31""},{""source"":""docs/experiments/RankMixer-汇总.xlsx"",""sheet"":""Sheet1"",""auc_cell"":""D31"",""copc_cell"":""E31"",""base_auc_cell"":""B31"",""test_date_cell"":""A31"",""model_header_cell"":""D23"",""metadata_cell"":""D24"",""metadata_raw"":null,""reported_gap_cell"":""F31"",""reported_gap_value"":-0.0049640000000000795,""reported_gap_formula"":""=D31-B31""}]"
2026-07-01,rankmixer_v1,2026-07-07,2026-07-08,7,warm,0.862672,1.004904,0.867488,-0.004816,-48.16,False,observed,3,docs/experiments/RankMixer-汇总-0909.xlsx,Sheet1,D32,E32,B32,"[{""source"":""docs/experiments/RankMixer-汇总-0909.xlsx"",""sheet"":""Sheet1"",""auc_cell"":""D32"",""copc_cell"":""E32"",""base_auc_cell"":""B32"",""test_date_cell"":""A32"",""model_header_cell"":""D23"",""metadata_cell"":""D24"",""metadata_raw"":null,""reported_gap_cell"":""F32"",""reported_gap_value"":-0.0048160000000000425,""reported_gap_formula"":""=D32-B32""},{""source"":""docs/experiments/副本RankMixer-汇总-0909.xlsx"",""sheet"":""Sheet1"",""auc_cell"":""D32"",""copc_cell"":""E32"",""base_auc_cell"":""B32"",""test_date_cell"":""A32"",""model_header_cell"":""D23"",""metadata_cell"":""D24"",""metadata_raw"":null,""reported_gap_cell"":""F32"",""reported_gap_value"":-0.0048160000000000425,""reported_gap_formula"":""=D32-B32""},{""source"":""docs/experiments/RankMixer-汇总.xlsx"",""sheet"":""Sheet1"",""auc_cell"":""D32"",""copc_cell"":""E32"",""base_auc_cell"":""B32"",""test_date_cell"":""A32"",""model_header_cell"":""D23"",""metadata_cell"":""D24"",""metadata_raw"":null,""reported_gap_cell"":""F32"",""reported_gap_value"":-0.0048160000000000425,""reported_gap_formula"":""=D32-B32""}]"
2026-07-01,rankmixer_v1,2026-07-08,2026-07-09,8,warm,0.863714,1.019263,0.868414,-0.0047,-47.0,False,observed,3,docs/experiments/RankMixer-汇总-0909.xlsx,Sheet1,D33,E33,B33,"[{""source"":""docs/experiments/RankMixer-汇总-0909.xlsx"",""sheet"":""Sheet1"",""auc_cell"":""D33"",""copc_cell"":""E33"",""base_auc_cell"":""B33"",""test_date_cell"":""A33"",""model_header_cell"":""D23"",""metadata_cell"":""D24"",""metadata_raw"":null,""reported_gap_cell"":""F33"",""reported_gap_value"":-0.0047000000000000375,""reported_gap_formula"":""=D33-B33""},{""source"":""docs/experiments/副本RankMixer-汇总-0909.xlsx"",""sheet"":""Sheet1"",""auc_cell"":""D33"",""copc_cell"":""E33"",""base_auc_cell"":""B33"",""test_date_cell"":""A33"",""model_header_cell"":""D23"",""metadata_cell"":""D24"",""metadata_raw"":null,""reported_gap_cell"":""F33"",""reported_gap_value"":-0.0047000000000000375,""reported_gap_formula"":""=D33-B33""},{""source"":""docs/experiments/RankMixer-汇总.xlsx"",""sheet"":""Sheet1"",""auc_cell"":""D33"",""copc_cell"":""E33"",""base_auc_cell"":""B33"",""test_date_cell"":""A33"",""model_header_cell"":""D23"",""metadata_cell"":""D24"",""metadata_raw"":null,""reported_gap_cell"":""F33"",""reported_gap_value"":-0.0047000000000000375,""reported_gap_formula"":""=D33-B33""}]"
2026-08-15,base(bn-senet-dcnm),2026-08-15,2026-08-16,1,cold,0.86696,1.005092,0.86696,0.0,0.0,True,observed,8,docs/experiments/RankMixer-汇总-0909.xlsx,Sheet1,B4,C4,B4,"[{""source"":""docs/experiments/RankMixer-汇总-0909.xlsx"",""sheet"":""Sheet1"",""auc_cell"":""B4"",""copc_cell"":""C4"",""base_auc_cell"":""B4"",""test_date_cell"":""A4"",""model_header_cell"":""B1"",""metadata_cell"":""B2"",""metadata_raw"":""90M/0.1809GFLOPs""},{""source"":""docs/experiments/RankMixer-汇总-0909.xlsx"",""sheet"":""Sheet1"",""auc_cell"":""B48"",""copc_cell"":""C48"",""base_auc_cell"":""B48"",""test_date_cell"":""A48"",""model_header_cell"":""B45"",""metadata_cell"":""B46"",""metadata_raw"":""90M/0.1809GFLOPs""},{""source"":""docs/experiments/RankMixer-汇总-0909.xlsx"",""sheet"":""Sheet1"",""auc_cell"":""B69"",""copc_cell"":""C69"",""base_auc_cell"":""B69"",""test_date_cell"":""A69"",""model_header_cell"":""B66"",""metadata_cell"":""B67"",""metadata_raw"":""90M/0.1809GFLOPs""},{""source"":""docs/experiments/副本RankMixer-汇总-0909.xlsx"",""sheet"":""Sheet1"",""auc_cell"":""B4"",""copc_cell"":""C4"",""base_auc_cell"":""B4"",""test_date_cell"":""A4"",""model_header_cell"":""B1"",""metadata_cell"":""B2"",""metadata_raw"":""90M/0.1809GFLOPs""},{""source"":""docs/experiments/副本RankMixer-汇总-0909.xlsx"",""sheet"":""Sheet1"",""auc_cell"":""B48"",""copc_cell"":""C48"",""base_auc_cell"":""B48"",""test_date_cell"":""A48"",""model_header_cell"":""B45"",""metadata_cell"":""B46"",""metadata_raw"":""90M/0.1809GFLOPs""},{""source"":""docs/experiments/副本RankMixer-汇总-0909.xlsx"",""sheet"":""Sheet1"",""auc_cell"":""B69"",""copc_cell"":""C69"",""base_auc_cell"":""B69"",""test_date_cell"":""A69"",""model_header_cell"":""B66"",""metadata_cell"":""B67"",""metadata_raw"":""90M/0.1809GFLOPs""},{""source"":""docs/experiments/RankMixer-汇总.xlsx"",""sheet"":""Sheet1"",""auc_cell"":""B4"",""copc_cell"":""C4"",""base_auc_cell"":""B4"",""test_date_cell"":""A4"",""model_header_cell"":""B1"",""metadata_cell"":""B2"",""metadata_raw"":""90M/0.1809GFLOPs""},{""source"":""docs/experiments/RankMixer-汇总.xlsx"",""sheet"":""Sheet1"",""auc_cell"":""B48"",""copc_cell"":""C48"",""base_auc_cell"":""B48"",""test_date_cell"":""A48"",""model_header_cell"":""B45"",""metadata_cell"":""B46"",""metadata_raw"":""90M/0.1809GFLOPs""}]"
2026-08-15,base(bn-senet-dcnm),2026-08-16,2026-08-17,2,warm,0.867867,0.995396,0.867867,0.0,0.0,True,observed,8,docs/experiments/RankMixer-汇总-0909.xlsx,Sheet1,B5,C5,B5,"[{""source"":""docs/experiments/RankMixer-汇总-0909.xlsx"",""sheet"":""Sheet1"",""auc_cell"":""B5"",""copc_cell"":""C5"",""base_auc_cell"":""B5"",""test_date_cell"":""A5"",""model_header_cell"":""B1"",""metadata_cell"":""B2"",""metadata_raw"":""90M/0.1809GFLOPs""},{""source"":""docs/experiments/RankMixer-汇总-0909.xlsx"",""sheet"":""Sheet1"",""auc_cell"":""B49"",""copc_cell"":""C49"",""base_auc_cell"":""B49"",""test_date_cell"":""A49"",""model_header_cell"":""B45"",""metadata_cell"":""B46"",""metadata_raw"":""90M/0.1809GFLOPs""},{""source"":""docs/experiments/RankMixer-汇总-0909.xlsx"",""sheet"":""Sheet1"",""auc_cell"":""B70"",""copc_cell"":""C70"",""base_auc_cell"":""B70"",""test_date_cell"":""A70"",""model_header_cell"":""B66"",""metadata_cell"":""B67"",""metadata_raw"":""90M/0.1809GFLOPs""},{""source"":""docs/experiments/副本RankMixer-汇总-0909.xlsx"",""sheet"":""Sheet1"",""auc_cell"":""B5"",""copc_cell"":""C5"",""base_auc_cell"":""B5"",""test_date_cell"":""A5"",""model_header_cell"":""B1"",""metadata_cell"":""B2"",""metadata_raw"":""90M/0.1809GFLOPs""},{""source"":""docs/experiments/副本RankMixer-汇总-0909.xlsx"",""sheet"":""Sheet1"",""auc_cell"":""B49"",""copc_cell"":""C49"",""base_auc_cell"":""B49"",""test_date_cell"":""A49"",""model_header_cell"":""B45"",""metadata_cell"":""B46"",""metadata_raw"":""90M/0.1809GFLOPs""},{""source"":""docs/experiments/副本RankMixer-汇总-0909.xlsx"",""sheet"":""Sheet1"",""auc_cell"":""B70"",""copc_cell"":""C70"",""base_auc_cell"":""B70"",""test_date_cell"":""A70"",""model_header_cell"":""B66"",""metadata_cell"":""B67"",""metadata_raw"":""90M/0.1809GFLOPs""},{""source"":""docs/experiments/RankMixer-汇总.xlsx"",""sheet"":""Sheet1"",""auc_cell"":""B5"",""copc_cell"":""C5"",""base_auc_cell"":""B5"",""test_date_cell"":""A5"",""model_header_cell"":""B1"",""metadata_cell"":""B2"",""metadata_raw"":""90M/0.1809GFLOPs""},{""source"":""docs/experiments/RankMixer-汇总.xlsx"",""sheet"":""Sheet1"",""auc_cell"":""B49"",""copc_cell"":""C49"",""base_auc_cell"":""B49"",""test_date_cell"":""A49"",""model_header_cell"":""B45"",""metadata_cell"":""B46"",""metadata_raw"":""90M/0.1809GFLOPs""}]"
2026-08-15,base(bn-senet-dcnm),2026-08-17,2026-08-18,3,warm,0.868909,1.013652,0.868909,0.0,0.0,True,observed,8,docs/experiments/RankMixer-汇总-0909.xlsx,Sheet1,B6,C6,B6,"[{""source"":""docs/experiments/RankMixer-汇总-0909.xlsx"",""sheet"":""Sheet1"",""auc_cell"":""B6"",""copc_cell"":""C6"",""base_auc_cell"":""B6"",""test_date_cell"":""A6"",""model_header_cell"":""B1"",""metadata_cell"":""B2"",""metadata_raw"":""90M/0.1809GFLOPs""},{""source"":""docs/experiments/RankMixer-汇总-0909.xlsx"",""sheet"":""Sheet1"",""auc_cell"":""B50"",""copc_cell"":""C50"",""base_auc_cell"":""B50"",""test_date_cell"":""A50"",""model_header_cell"":""B45"",""metadata_cell"":""B46"",""metadata_raw"":""90M/0.1809GFLOPs""},{""source"":""docs/experiments/RankMixer-汇总-0909.xlsx"",""sheet"":""Sheet1"",""auc_cell"":""B71"",""copc_cell"":""C71"",""base_auc_cell"":""B71"",""test_date_cell"":""A71"",""model_header_cell"":""B66"",""metadata_cell"":""B67"",""metadata_raw"":""90M/0.1809GFLOPs""},{""source"":""docs/experiments/副本RankMixer-汇总-0909.xlsx"",""sheet"":""Sheet1"",""auc_cell"":""B6"",""copc_cell"":""C6"",""base_auc_cell"":""B6"",""test_date_cell"":""A6"",""model_header_cell"":""B1"",""metadata_cell"":""B2"",""metadata_raw"":""90M/0.1809GFLOPs""},{""source"":""docs/experiments/副本RankMixer-汇总-0909.xlsx"",""sheet"":""Sheet1"",""auc_cell"":""B50"",""copc_cell"":""C50"",""base_auc_cell"":""B50"",""test_date_cell"":""A50"",""model_header_cell"":""B45"",""metadata_cell"":""B46"",""metadata_raw"":""90M/0.1809GFLOPs""},{""source"":""docs/experiments/副本RankMixer-汇总-0909.xlsx"",""sheet"":""Sheet1"",""auc_cell"":""B71"",""copc_cell"":""C71"",""base_auc_cell"":""B71"",""test_date_cell"":""A71"",""model_header_cell"":""B66"",""metadata_cell"":""B67"",""metadata_raw"":""90M/0.1809GFLOPs""},{""source"":""docs/experiments/RankMixer-汇总.xlsx"",""sheet"":""Sheet1"",""auc_cell"":""B6"",""copc_cell"":""C6"",""base_auc_cell"":""B6"",""test_date_cell"":""A6"",""model_header_cell"":""B1"",""metadata_cell"":""B2"",""metadata_raw"":""90M/0.1809GFLOPs""},{""source"":""docs/experiments/RankMixer-汇总.xlsx"",""sheet"":""Sheet1"",""auc_cell"":""B50"",""copc_cell"":""C50"",""base_auc_cell"":""B50"",""test_date_cell"":""A50"",""model_header_cell"":""B45"",""metadata_cell"":""B46"",""metadata_raw"":""90M/0.1809GFLOPs""}]"
2026-08-15,base(bn-senet-dcnm),2026-08-18,2026-08-19,4,warm,0.869868,0.992964,0.869868,0.0,0.0,True,observed,8,docs/experiments/RankMixer-汇总-0909.xlsx,Sheet1,B7,C7,B7,"[{""source"":""docs/experiments/RankMixer-汇总-0909.xlsx"",""sheet"":""Sheet1"",""auc_cell"":""B7"",""copc_cell"":""C7"",""base_auc_cell"":""B7"",""test_date_cell"":""A7"",""model_header_cell"":""B1"",""metadata_cell"":""B2"",""metadata_raw"":""90M/0.1809GFLOPs""},{""source"":""docs/experiments/RankMixer-汇总-0909.xlsx"",""sheet"":""Sheet1"",""auc_cell"":""B51"",""copc_cell"":""C51"",""base_auc_cell"":""B51"",""test_date_cell"":""A51"",""model_header_cell"":""B45"",""metadata_cell"":""B46"",""metadata_raw"":""90M/0.1809GFLOPs""},{""source"":""docs/experiments/RankMixer-汇总-0909.xlsx"",""sheet"":""Sheet1"",""auc_cell"":""B72"",""copc_cell"":""C72"",""base_auc_cell"":""B72"",""test_date_cell"":""A72"",""model_header_cell"":""B66"",""metadata_cell"":""B67"",""metadata_raw"":""90M/0.1809GFLOPs""},{""source"":""docs/experiments/副本RankMixer-汇总-0909.xlsx"",""sheet"":""Sheet1"",""auc_cell"":""B7"",""copc_cell"":""C7"",""base_auc_cell"":""B7"",""test_date_cell"":""A7"",""model_header_cell"":""B1"",""metadata_cell"":""B2"",""metadata_raw"":""90M/0.1809GFLOPs""},{""source"":""docs/experiments/副本RankMixer-汇总-0909.xlsx"",""sheet"":""Sheet1"",""auc_cell"":""B51"",""copc_cell"":""C51"",""base_auc_cell"":""B51"",""test_date_cell"":""A51"",""model_header_cell"":""B45"",""metadata_cell"":""B46"",""metadata_raw"":""90M/0.1809GFLOPs""},{""source"":""docs/experiments/副本RankMixer-汇总-0909.xlsx"",""sheet"":""Sheet1"",""auc_cell"":""B72"",""copc_cell"":""C72"",""base_auc_cell"":""B72"",""test_date_cell"":""A72"",""model_header_cell"":""B66"",""metadata_cell"":""B67"",""metadata_raw"":""90M/0.1809GFLOPs""},{""source"":""docs/experiments/RankMixer-汇总.xlsx"",""sheet"":""Sheet1"",""auc_cell"":""B7"",""copc_cell"":""C7"",""base_auc_cell"":""B7"",""test_date_cell"":""A7"",""model_header_cell"":""B1"",""metadata_cell"":""B2"",""metadata_raw"":""90M/0.1809GFLOPs""},{""source"":""docs/experiments/RankMixer-汇总.xlsx"",""sheet"":""Sheet1"",""auc_cell"":""B51"",""copc_cell"":""C51"",""base_auc_cell"":""B51"",""test_date_cell"":""A51"",""model_header_cell"":""B45"",""metadata_cell"":""B46"",""metadata_raw"":""90M/0.1809GFLOPs""}]"
2026-08-15,base(bn-senet-dcnm),2026-08-19,2026-08-20,5,warm,0.869504,1.005404,0.869504,0.0,0.0,True,observed,8,docs/experiments/RankMixer-汇总-0909.xlsx,Sheet1,B8,C8,B8,"[{""source"":""docs/experiments/RankMixer-汇总-0909.xlsx"",""sheet"":""Sheet1"",""auc_cell"":""B8"",""copc_cell"":""C8"",""base_auc_cell"":""B8"",""test_date_cell"":""A8"",""model_header_cell"":""B1"",""metadata_cell"":""B2"",""metadata_raw"":""90M/0.1809GFLOPs""},{""source"":""docs/experiments/RankMixer-汇总-0909.xlsx"",""sheet"":""Sheet1"",""auc_cell"":""B52"",""copc_cell"":""C52"",""base_auc_cell"":""B52"",""test_date_cell"":""A52"",""model_header_cell"":""B45"",""metadata_cell"":""B46"",""metadata_raw"":""90M/0.1809GFLOPs""},{""source"":""docs/experiments/RankMixer-汇总-0909.xlsx"",""sheet"":""Sheet1"",""auc_cell"":""B73"",""copc_cell"":""C73"",""base_auc_cell"":""B73"",""test_date_cell"":""A73"",""model_header_cell"":""B66"",""metadata_cell"":""B67"",""metadata_raw"":""90M/0.1809GFLOPs""},{""source"":""docs/experiments/副本RankMixer-汇总-0909.xlsx"",""sheet"":""Sheet1"",""auc_cell"":""B8"",""copc_cell"":""C8"",""base_auc_cell"":""B8"",""test_date_cell"":""A8"",""model_header_cell"":""B1"",""metadata_cell"":""B2"",""metadata_raw"":""90M/0.1809GFLOPs""},{""source"":""docs/experiments/副本RankMixer-汇总-0909.xlsx"",""sheet"":""Sheet1"",""auc_cell"":""B52"",""copc_cell"":""C52"",""base_auc_cell"":""B52"",""test_date_cell"":""A52"",""model_header_cell"":""B45"",""metadata_cell"":""B46"",""metadata_raw"":""90M/0.1809GFLOPs""},{""source"":""docs/experiments/副本RankMixer-汇总-0909.xlsx"",""sheet"":""Sheet1"",""auc_cell"":""B73"",""copc_cell"":""C73"",""base_auc_cell"":""B73"",""test_date_cell"":""A73"",""model_header_cell"":""B66"",""metadata_cell"":""B67"",""metadata_raw"":""90M/0.1809GFLOPs""},{""source"":""docs/experiments/RankMixer-汇总.xlsx"",""sheet"":""Sheet1"",""auc_cell"":""B8"",""copc_cell"":""C8"",""base_auc_cell"":""B8"",""test_date_cell"":""A8"",""model_header_cell"":""B1"",""metadata_cell"":""B2"",""metadata_raw"":""90M/0.1809GFLOPs""},{""source"":""docs/experiments/RankMixer-汇总.xlsx"",""sheet"":""Sheet1"",""auc_cell"":""B52"",""copc_cell"":""C52"",""base_auc_cell"":""B52"",""test_date_cell"":""A52"",""model_header_cell"":""B45"",""metadata_cell"":""B46"",""metadata_raw"":""90M/0.1809GFLOPs""}]"
2026-08-15,base(bn-senet-dcnm),2026-08-20,2026-08-21,6,warm,0.869311,1.008302,0.869311,0.0,0.0,True,observed,8,docs/experiments/RankMixer-汇总-0909.xlsx,Sheet1,B9,C9,B9,"[{""source"":""docs/experiments/RankMixer-汇总-0909.xlsx"",""sheet"":""Sheet1"",""auc_cell"":""B9"",""copc_cell"":""C9"",""base_auc_cell"":""B9"",""test_date_cell"":""A9"",""model_header_cell"":""B1"",""metadata_cell"":""B2"",""metadata_raw"":""90M/0.1809GFLOPs""},{""source"":""docs/experiments/RankMixer-汇总-0909.xlsx"",""sheet"":""Sheet1"",""auc_cell"":""B53"",""copc_cell"":""C53"",""base_auc_cell"":""B53"",""test_date_cell"":""A53"",""model_header_cell"":""B45"",""metadata_cell"":""B46"",""metadata_raw"":""90M/0.1809GFLOPs""},{""source"":""docs/experiments/RankMixer-汇总-0909.xlsx"",""sheet"":""Sheet1"",""auc_cell"":""B74"",""copc_cell"":""C74"",""base_auc_cell"":""B74"",""test_date_cell"":""A74"",""model_header_cell"":""B66"",""metadata_cell"":""B67"",""metadata_raw"":""90M/0.1809GFLOPs""},{""source"":""docs/experiments/副本RankMixer-汇总-0909.xlsx"",""sheet"":""Sheet1"",""auc_cell"":""B9"",""copc_cell"":""C9"",""base_auc_cell"":""B9"",""test_date_cell"":""A9"",""model_header_cell"":""B1"",""metadata_cell"":""B2"",""metadata_raw"":""90M/0.1809GFLOPs""},{""source"":""docs/experiments/副本RankMixer-汇总-0909.xlsx"",""sheet"":""Sheet1"",""auc_cell"":""B53"",""copc_cell"":""C53"",""base_auc_cell"":""B53"",""test_date_cell"":""A53"",""model_header_cell"":""B45"",""metadata_cell"":""B46"",""metadata_raw"":""90M/0.1809GFLOPs""},{""source"":""docs/experiments/副本RankMixer-汇总-0909.xlsx"",""sheet"":""Sheet1"",""auc_cell"":""B74"",""copc_cell"":""C74"",""base_auc_cell"":""B74"",""test_date_cell"":""A74"",""model_header_cell"":""B66"",""metadata_cell"":""B67"",""metadata_raw"":""90M/0.1809GFLOPs""},{""source"":""docs/experiments/RankMixer-汇总.xlsx"",""sheet"":""Sheet1"",""auc_cell"":""B9"",""copc_cell"":""C9"",""base_auc_cell"":""B9"",""test_date_cell"":""A9"",""model_header_cell"":""B1"",""metadata_cell"":""B2"",""metadata_raw"":""90M/0.1809GFLOPs""},{""source"":""docs/experiments/RankMixer-汇总.xlsx"",""sheet"":""Sheet1"",""auc_cell"":""B53"",""copc_cell"":""C53"",""base_auc_cell"":""B53"",""test_date_cell"":""A53"",""model_header_cell"":""B45"",""metadata_cell"":""B46"",""metadata_raw"":""90M/0.1809GFLOPs""}]"
2026-08-15,base(bn-senet-dcnm),2026-08-21,2026-08-22,7,warm,0.869081,1.008253,0.869081,0.0,0.0,True,observed,8,docs/experiments/RankMixer-汇总-0909.xlsx,Sheet1,B10,C10,B10,"[{""source"":""docs/experiments/RankMixer-汇总-0909.xlsx"",""sheet"":""Sheet1"",""auc_cell"":""B10"",""copc_cell"":""C10"",""base_auc_cell"":""B10"",""test_date_cell"":""A10"",""model_header_cell"":""B1"",""metadata_cell"":""B2"",""metadata_raw"":""90M/0.1809GFLOPs""},{""source"":""docs/experiments/RankMixer-汇总-0909.xlsx"",""sheet"":""Sheet1"",""auc_cell"":""B54"",""copc_cell"":""C54"",""base_auc_cell"":""B54"",""test_date_cell"":""A54"",""model_header_cell"":""B45"",""metadata_cell"":""B46"",""metadata_raw"":""90M/0.1809GFLOPs""},{""source"":""docs/experiments/RankMixer-汇总-0909.xlsx"",""sheet"":""Sheet1"",""auc_cell"":""B75"",""copc_cell"":""C75"",""base_auc_cell"":""B75"",""test_date_cell"":""A75"",""model_header_cell"":""B66"",""metadata_cell"":""B67"",""metadata_raw"":""90M/0.1809GFLOPs""},{""source"":""docs/experiments/副本RankMixer-汇总-0909.xlsx"",""sheet"":""Sheet1"",""auc_cell"":""B10"",""copc_cell"":""C10"",""base_auc_cell"":""B10"",""test_date_cell"":""A10"",""model_header_cell"":""B1"",""metadata_cell"":""B2"",""metadata_raw"":""90M/0.1809GFLOPs""},{""source"":""docs/experiments/副本RankMixer-汇总-0909.xlsx"",""sheet"":""Sheet1"",""auc_cell"":""B54"",""copc_cell"":""C54"",""base_auc_cell"":""B54"",""test_date_cell"":""A54"",""model_header_cell"":""B45"",""metadata_cell"":""B46"",""metadata_raw"":""90M/0.1809GFLOPs""},{""source"":""docs/experiments/副本RankMixer-汇总-0909.xlsx"",""sheet"":""Sheet1"",""auc_cell"":""B75"",""copc_cell"":""C75"",""base_auc_cell"":""B75"",""test_date_cell"":""A75"",""model_header_cell"":""B66"",""metadata_cell"":""B67"",""metadata_raw"":""90M/0.1809GFLOPs""},{""source"":""docs/experiments/RankMixer-汇总.xlsx"",""sheet"":""Sheet1"",""auc_cell"":""B10"",""copc_cell"":""C10"",""base_auc_cell"":""B10"",""test_date_cell"":""A10"",""model_header_cell"":""B1"",""metadata_cell"":""B2"",""metadata_raw"":""90M/0.1809GFLOPs""},{""source"":""docs/experiments/RankMixer-汇总.xlsx"",""sheet"":""Sheet1"",""auc_cell"":""B54"",""copc_cell"":""C54"",""base_auc_cell"":""B54"",""test_date_cell"":""A54"",""model_header_cell"":""B45"",""metadata_cell"":""B46"",""metadata_raw"":""90M/0.1809GFLOPs""}]"
2026-08-15,base(bn-senet-dcnm),2026-08-22,2026-08-23,8,warm,0.868243,1.005172,0.868243,0.0,0.0,True,observed,8,docs/experiments/RankMixer-汇总-0909.xlsx,Sheet1,B11,C11,B11,"[{""source"":""docs/experiments/RankMixer-汇总-0909.xlsx"",""sheet"":""Sheet1"",""auc_cell"":""B11"",""copc_cell"":""C11"",""base_auc_cell"":""B11"",""test_date_cell"":""A11"",""model_header_cell"":""B1"",""metadata_cell"":""B2"",""metadata_raw"":""90M/0.1809GFLOPs""},{""source"":""docs/experiments/RankMixer-汇总-0909.xlsx"",""sheet"":""Sheet1"",""auc_cell"":""B55"",""copc_cell"":""C55"",""base_auc_cell"":""B55"",""test_date_cell"":""A55"",""model_header_cell"":""B45"",""metadata_cell"":""B46"",""metadata_raw"":""90M/0.1809GFLOPs""},{""source"":""docs/experiments/RankMixer-汇总-0909.xlsx"",""sheet"":""Sheet1"",""auc_cell"":""B76"",""copc_cell"":""C76"",""base_auc_cell"":""B76"",""test_date_cell"":""A76"",""model_header_cell"":""B66"",""metadata_cell"":""B67"",""metadata_raw"":""90M/0.1809GFLOPs""},{""source"":""docs/experiments/副本RankMixer-汇总-0909.xlsx"",""sheet"":""Sheet1"",""auc_cell"":""B11"",""copc_cell"":""C11"",""base_auc_cell"":""B11"",""test_date_cell"":""A11"",""model_header_cell"":""B1"",""metadata_cell"":""B2"",""metadata_raw"":""90M/0.1809GFLOPs""},{""source"":""docs/experiments/副本RankMixer-汇总-0909.xlsx"",""sheet"":""Sheet1"",""auc_cell"":""B55"",""copc_cell"":""C55"",""base_auc_cell"":""B55"",""test_date_cell"":""A55"",""model_header_cell"":""B45"",""metadata_cell"":""B46"",""metadata_raw"":""90M/0.1809GFLOPs""},{""source"":""docs/experiments/副本RankMixer-汇总-0909.xlsx"",""sheet"":""Sheet1"",""auc_cell"":""B76"",""copc_cell"":""C76"",""base_auc_cell"":""B76"",""test_date_cell"":""A76"",""model_header_cell"":""B66"",""metadata_cell"":""B67"",""metadata_raw"":""90M/0.1809GFLOPs""},{""source"":""docs/experiments/RankMixer-汇总.xlsx"",""sheet"":""Sheet1"",""auc_cell"":""B11"",""copc_cell"":""C11"",""base_auc_cell"":""B11"",""test_date_cell"":""A11"",""model_header_cell"":""B1"",""metadata_cell"":""B2"",""metadata_raw"":""90M/0.1809GFLOPs""},{""source"":""docs/experiments/RankMixer-汇总.xlsx"",""sheet"":""Sheet1"",""auc_cell"":""B55"",""copc_cell"":""C55"",""base_auc_cell"":""B55"",""test_date_cell"":""A55"",""model_header_cell"":""B45"",""metadata_cell"":""B46"",""metadata_raw"":""90M/0.1809GFLOPs""}]"
2026-08-15,base(bn-senet-dcnm),2026-08-23,2026-08-24,9,warm,0.867981,0.99909,0.867981,0.0,0.0,True,observed,8,docs/experiments/RankMixer-汇总-0909.xlsx,Sheet1,B12,C12,B12,"[{""source"":""docs/experiments/RankMixer-汇总-0909.xlsx"",""sheet"":""Sheet1"",""auc_cell"":""B12"",""copc_cell"":""C12"",""base_auc_cell"":""B12"",""test_date_cell"":""A12"",""model_header_cell"":""B1"",""metadata_cell"":""B2"",""metadata_raw"":""90M/0.1809GFLOPs""},{""source"":""docs/experiments/RankMixer-汇总-0909.xlsx"",""sheet"":""Sheet1"",""auc_cell"":""B56"",""copc_cell"":""C56"",""base_auc_cell"":""B56"",""test_date_cell"":""A56"",""model_header_cell"":""B45"",""metadata_cell"":""B46"",""metadata_raw"":""90M/0.1809GFLOPs""},{""source"":""docs/experiments/RankMixer-汇总-0909.xlsx"",""sheet"":""Sheet1"",""auc_cell"":""B77"",""copc_cell"":""C77"",""base_auc_cell"":""B77"",""test_date_cell"":""A77"",""model_header_cell"":""B66"",""metadata_cell"":""B67"",""metadata_raw"":""90M/0.1809GFLOPs""},{""source"":""docs/experiments/副本RankMixer-汇总-0909.xlsx"",""sheet"":""Sheet1"",""auc_cell"":""B12"",""copc_cell"":""C12"",""base_auc_cell"":""B12"",""test_date_cell"":""A12"",""model_header_cell"":""B1"",""metadata_cell"":""B2"",""metadata_raw"":""90M/0.1809GFLOPs""},{""source"":""docs/experiments/副本RankMixer-汇总-0909.xlsx"",""sheet"":""Sheet1"",""auc_cell"":""B56"",""copc_cell"":""C56"",""base_auc_cell"":""B56"",""test_date_cell"":""A56"",""model_header_cell"":""B45"",""metadata_cell"":""B46"",""metadata_raw"":""90M/0.1809GFLOPs""},{""source"":""docs/experiments/副本RankMixer-汇总-0909.xlsx"",""sheet"":""Sheet1"",""auc_cell"":""B77"",""copc_cell"":""C77"",""base_auc_cell"":""B77"",""test_date_cell"":""A77"",""model_header_cell"":""B66"",""metadata_cell"":""B67"",""metadata_raw"":""90M/0.1809GFLOPs""},{""source"":""docs/experiments/RankMixer-汇总.xlsx"",""sheet"":""Sheet1"",""auc_cell"":""B12"",""copc_cell"":""C12"",""base_auc_cell"":""B12"",""test_date_cell"":""A12"",""model_header_cell"":""B1"",""metadata_cell"":""B2"",""metadata_raw"":""90M/0.1809GFLOPs""},{""source"":""docs/experiments/RankMixer-汇总.xlsx"",""sheet"":""Sheet1"",""auc_cell"":""B56"",""copc_cell"":""C56"",""base_auc_cell"":""B56"",""test_date_cell"":""A56"",""model_header_cell"":""B45"",""metadata_cell"":""B46"",""metadata_raw"":""90M/0.1809GFLOPs""}]"
2026-08-15,base(bn-senet-dcnm),2026-08-24,2026-08-25,10,warm,0.868269,0.985613,0.868269,0.0,0.0,True,observed,8,docs/experiments/RankMixer-汇总-0909.xlsx,Sheet1,B13,C13,B13,"[{""source"":""docs/experiments/RankMixer-汇总-0909.xlsx"",""sheet"":""Sheet1"",""auc_cell"":""B13"",""copc_cell"":""C13"",""base_auc_cell"":""B13"",""test_date_cell"":""A13"",""model_header_cell"":""B1"",""metadata_cell"":""B2"",""metadata_raw"":""90M/0.1809GFLOPs""},{""source"":""docs/experiments/RankMixer-汇总-0909.xlsx"",""sheet"":""Sheet1"",""auc_cell"":""B57"",""copc_cell"":""C57"",""base_auc_cell"":""B57"",""test_date_cell"":""A57"",""model_header_cell"":""B45"",""metadata_cell"":""B46"",""metadata_raw"":""90M/0.1809GFLOPs""},{""source"":""docs/experiments/RankMixer-汇总-0909.xlsx"",""sheet"":""Sheet1"",""auc_cell"":""B78"",""copc_cell"":""C78"",""base_auc_cell"":""B78"",""test_date_cell"":""A78"",""model_header_cell"":""B66"",""metadata_cell"":""B67"",""metadata_raw"":""90M/0.1809GFLOPs""},{""source"":""docs/experiments/副本RankMixer-汇总-0909.xlsx"",""sheet"":""Sheet1"",""auc_cell"":""B13"",""copc_cell"":""C13"",""base_auc_cell"":""B13"",""test_date_cell"":""A13"",""model_header_cell"":""B1"",""metadata_cell"":""B2"",""metadata_raw"":""90M/0.1809GFLOPs""},{""source"":""docs/experiments/副本RankMixer-汇总-0909.xlsx"",""sheet"":""Sheet1"",""auc_cell"":""B57"",""copc_cell"":""C57"",""base_auc_cell"":""B57"",""test_date_cell"":""A57"",""model_header_cell"":""B45"",""metadata_cell"":""B46"",""metadata_raw"":""90M/0.1809GFLOPs""},{""source"":""docs/experiments/副本RankMixer-汇总-0909.xlsx"",""sheet"":""Sheet1"",""auc_cell"":""B78"",""copc_cell"":""C78"",""base_auc_cell"":""B78"",""test_date_cell"":""A78"",""model_header_cell"":""B66"",""metadata_cell"":""B67"",""metadata_raw"":""90M/0.1809GFLOPs""},{""source"":""docs/experiments/RankMixer-汇总.xlsx"",""sheet"":""Sheet1"",""auc_cell"":""B13"",""copc_cell"":""C13"",""base_auc_cell"":""B13"",""test_date_cell"":""A13"",""model_header_cell"":""B1"",""metadata_cell"":""B2"",""metadata_raw"":""90M/0.1809GFLOPs""},{""source"":""docs/experiments/RankMixer-汇总.xlsx"",""sheet"":""Sheet1"",""auc_cell"":""B57"",""copc_cell"":""C57"",""base_auc_cell"":""B57"",""test_date_cell"":""A57"",""model_header_cell"":""B45"",""metadata_cell"":""B46"",""metadata_raw"":""90M/0.1809GFLOPs""}]"
2026-08-15,base(bn-senet-dcnm),2026-08-25,2026-08-26,11,warm,0.869582,1.003107,0.869582,0.0,0.0,True,observed,8,docs/experiments/RankMixer-汇总-0909.xlsx,Sheet1,B14,C14,B14,"[{""source"":""docs/experiments/RankMixer-汇总-0909.xlsx"",""sheet"":""Sheet1"",""auc_cell"":""B14"",""copc_cell"":""C14"",""base_auc_cell"":""B14"",""test_date_cell"":""A14"",""model_header_cell"":""B1"",""metadata_cell"":""B2"",""metadata_raw"":""90M/0.1809GFLOPs""},{""source"":""docs/experiments/RankMixer-汇总-0909.xlsx"",""sheet"":""Sheet1"",""auc_cell"":""B58"",""copc_cell"":""C58"",""base_auc_cell"":""B58"",""test_date_cell"":""A58"",""model_header_cell"":""B45"",""metadata_cell"":""B46"",""metadata_raw"":""90M/0.1809GFLOPs""},{""source"":""docs/experiments/RankMixer-汇总-0909.xlsx"",""sheet"":""Sheet1"",""auc_cell"":""B79"",""copc_cell"":""C79"",""base_auc_cell"":""B79"",""test_date_cell"":""A79"",""model_header_cell"":""B66"",""metadata_cell"":""B67"",""metadata_raw"":""90M/0.1809GFLOPs""},{""source"":""docs/experiments/副本RankMixer-汇总-0909.xlsx"",""sheet"":""Sheet1"",""auc_cell"":""B14"",""copc_cell"":""C14"",""base_auc_cell"":""B14"",""test_date_cell"":""A14"",""model_header_cell"":""B1"",""metadata_cell"":""B2"",""metadata_raw"":""90M/0.1809GFLOPs""},{""source"":""docs/experiments/副本RankMixer-汇总-0909.xlsx"",""sheet"":""Sheet1"",""auc_cell"":""B58"",""copc_cell"":""C58"",""base_auc_cell"":""B58"",""test_date_cell"":""A58"",""model_header_cell"":""B45"",""metadata_cell"":""B46"",""metadata_raw"":""90M/0.1809GFLOPs""},{""source"":""docs/experiments/副本RankMixer-汇总-0909.xlsx"",""sheet"":""Sheet1"",""auc_cell"":""B79"",""copc_cell"":""C79"",""base_auc_cell"":""B79"",""test_date_cell"":""A79"",""model_header_cell"":""B66"",""metadata_cell"":""B67"",""metadata_raw"":""90M/0.1809GFLOPs""},{""source"":""docs/experiments/RankMixer-汇总.xlsx"",""sheet"":""Sheet1"",""auc_cell"":""B14"",""copc_cell"":""C14"",""base_auc_cell"":""B14"",""test_date_cell"":""A14"",""model_header_cell"":""B1"",""metadata_cell"":""B2"",""metadata_raw"":""90M/0.1809GFLOPs""},{""source"":""docs/experiments/RankMixer-汇总.xlsx"",""sheet"":""Sheet1"",""auc_cell"":""B58"",""copc_cell"":""C58"",""base_auc_cell"":""B58"",""test_date_cell"":""A58"",""model_header_cell"":""B45"",""metadata_cell"":""B46"",""metadata_raw"":""90M/0.1809GFLOPs""}]"
2026-08-15,bn_rankmixer_v5,2026-08-15,2026-08-16,1,cold,0.864163,0.995193,0.86696,-0.002797,-27.97,False,observed,3,docs/experiments/RankMixer-汇总-0909.xlsx,Sheet1,D4,E4,B4,"[{""source"":""docs/experiments/RankMixer-汇总-0909.xlsx"",""sheet"":""Sheet1"",""auc_cell"":""D4"",""copc_cell"":""E4"",""base_auc_cell"":""B4"",""test_date_cell"":""A4"",""model_header_cell"":""D1"",""metadata_cell"":""D2"",""metadata_raw"":null,""reported_gap_cell"":""F4"",""reported_gap_value"":-0.0027969999999999384,""reported_gap_formula"":""=D4-B4""},{""source"":""docs/experiments/副本RankMixer-汇总-0909.xlsx"",""sheet"":""Sheet1"",""auc_cell"":""D4"",""copc_cell"":""E4"",""base_auc_cell"":""B4"",""test_date_cell"":""A4"",""model_header_cell"":""D1"",""metadata_cell"":""D2"",""metadata_raw"":null,""reported_gap_cell"":""F4"",""reported_gap_value"":-0.0027969999999999384,""reported_gap_formula"":""=D4-B4""},{""source"":""docs/experiments/RankMixer-汇总.xlsx"",""sheet"":""Sheet1"",""auc_cell"":""D4"",""copc_cell"":""E4"",""base_auc_cell"":""B4"",""test_date_cell"":""A4"",""model_header_cell"":""D1"",""metadata_cell"":""D2"",""metadata_raw"":null,""reported_gap_cell"":""F4"",""reported_gap_value"":-0.0027969999999999384,""reported_gap_formula"":""=D4-B4""}]"
2026-08-15,bn_rankmixer_v6,2026-08-15,2026-08-16,1,cold,0.866017,0.999257,0.86696,-0.000943,-9.43,False,observed,5,docs/experiments/RankMixer-汇总-0909.xlsx,Sheet1,G4,H4,B4,"[{""source"":""docs/experiments/RankMixer-汇总-0909.xlsx"",""sheet"":""Sheet1"",""auc_cell"":""G4"",""copc_cell"":""H4"",""base_auc_cell"":""B4"",""test_date_cell"":""A4"",""model_header_cell"":""G1"",""metadata_cell"":""G2"",""metadata_raw"":""177M/0.3586GFLOPs/440mins"",""reported_gap_cell"":""I4"",""reported_gap_value"":-0.0009429999999999161,""reported_gap_formula"":""=G4-B4""},{""source"":""docs/experiments/RankMixer-汇总-0909.xlsx"",""sheet"":""Sheet1"",""auc_cell"":""D69"",""copc_cell"":""E69"",""base_auc_cell"":""B69"",""test_date_cell"":""A69"",""model_header_cell"":""D66"",""metadata_cell"":""D67"",""metadata_raw"":""177M/0.3586GFLOPs/440mins"",""reported_gap_cell"":""F69"",""reported_gap_value"":-0.0009429999999999161,""reported_gap_formula"":""=D69-B69""},{""source"":""docs/experiments/副本RankMixer-汇总-0909.xlsx"",""sheet"":""Sheet1"",""auc_cell"":""G4"",""copc_cell"":""H4"",""base_auc_cell"":""B4"",""test_date_cell"":""A4"",""model_header_cell"":""G1"",""metadata_cell"":""G2"",""metadata_raw"":""177M/0.3586GFLOPs/440mins"",""reported_gap_cell"":""I4"",""reported_gap_value"":-0.0009429999999999161,""reported_gap_formula"":""=G4-B4""},{""source"":""docs/experiments/副本RankMixer-汇总-0909.xlsx"",""sheet"":""Sheet1"",""auc_cell"":""D69"",""copc_cell"":""E69"",""base_auc_cell"":""B69"",""test_date_cell"":""A69"",""model_header_cell"":""D66"",""metadata_cell"":""D67"",""metadata_raw"":""177M/0.3586GFLOPs/440mins"",""reported_gap_cell"":""F69"",""reported_gap_value"":-0.0009429999999999161,""reported_gap_formula"":""=D69-B69""},{""source"":""docs/experiments/RankMixer-汇总.xlsx"",""sheet"":""Sheet1"",""auc_cell"":""G4"",""copc_cell"":""H4"",""base_auc_cell"":""B4"",""test_date_cell"":""A4"",""model_header_cell"":""G1"",""metadata_cell"":""G2"",""metadata_raw"":""177M/0.3586GFLOPs/440mins"",""reported_gap_cell"":""I4"",""reported_gap_value"":-0.0009429999999999161,""reported_gap_formula"":""=G4-B4""}]"
2026-08-15,bn_rankmixer_v6,2026-08-16,2026-08-17,2,warm,0.867088,0.991026,0.867867,-0.000779,-7.79,False,observed,5,docs/experiments/RankMixer-汇总-0909.xlsx,Sheet1,G5,H5,B5,"[{""source"":""docs/experiments/RankMixer-汇总-0909.xlsx"",""sheet"":""Sheet1"",""auc_cell"":""G5"",""copc_cell"":""H5"",""base_auc_cell"":""B5"",""test_date_cell"":""A5"",""model_header_cell"":""G1"",""metadata_cell"":""G2"",""metadata_raw"":""177M/0.3586GFLOPs/440mins"",""reported_gap_cell"":""I5"",""reported_gap_value"":-0.0007790000000000852,""reported_gap_formula"":""=G5-B5""},{""source"":""docs/experiments/RankMixer-汇总-0909.xlsx"",""sheet"":""Sheet1"",""auc_cell"":""D70"",""copc_cell"":""E70"",""base_auc_cell"":""B70"",""test_date_cell"":""A70"",""model_header_cell"":""D66"",""metadata_cell"":""D67"",""metadata_raw"":""177M/0.3586GFLOPs/440mins"",""reported_gap_cell"":""F70"",""reported_gap_value"":-0.0007790000000000852,""reported_gap_formula"":""=D70-B70""},{""source"":""docs/experiments/副本RankMixer-汇总-0909.xlsx"",""sheet"":""Sheet1"",""auc_cell"":""G5"",""copc_cell"":""H5"",""base_auc_cell"":""B5"",""test_date_cell"":""A5"",""model_header_cell"":""G1"",""metadata_cell"":""G2"",""metadata_raw"":""177M/0.3586GFLOPs/440mins"",""reported_gap_cell"":""I5"",""reported_gap_value"":-0.0007790000000000852,""reported_gap_formula"":""=G5-B5""},{""source"":""docs/experiments/副本RankMixer-汇总-0909.xlsx"",""sheet"":""Sheet1"",""auc_cell"":""D70"",""copc_cell"":""E70"",""base_auc_cell"":""B70"",""test_date_cell"":""A70"",""model_header_cell"":""D66"",""metadata_cell"":""D67"",""metadata_raw"":""177M/0.3586GFLOPs/440mins"",""reported_gap_cell"":""F70"",""reported_gap_value"":-0.0007790000000000852,""reported_gap_formula"":""=D70-B70""},{""source"":""docs/experiments/RankMixer-汇总.xlsx"",""sheet"":""Sheet1"",""auc_cell"":""G5"",""copc_cell"":""H5"",""base_auc_cell"":""B5"",""test_date_cell"":""A5"",""model_header_cell"":""G1"",""metadata_cell"":""G2"",""metadata_raw"":""177M/0.3586GFLOPs/440mins"",""reported_gap_cell"":""I5"",""reported_gap_value"":-0.0007790000000000852,""reported_gap_formula"":""=G5-B5""}]"
2026-08-15,bn_rankmixer_v6,2026-08-17,2026-08-18,3,warm,0.867996,0.996467,0.868909,-0.000913,-9.13,False,observed,5,docs/experiments/RankMixer-汇总-0909.xlsx,Sheet1,G6,H6,B6,"[{""source"":""docs/experiments/RankMixer-汇总-0909.xlsx"",""sheet"":""Sheet1"",""auc_cell"":""G6"",""copc_cell"":""H6"",""base_auc_cell"":""B6"",""test_date_cell"":""A6"",""model_header_cell"":""G1"",""metadata_cell"":""G2"",""metadata_raw"":""177M/0.3586GFLOPs/440mins"",""reported_gap_cell"":""I6"",""reported_gap_value"":-0.0009130000000000527,""reported_gap_formula"":""=G6-B6""},{""source"":""docs/experiments/RankMixer-汇总-0909.xlsx"",""sheet"":""Sheet1"",""auc_cell"":""D71"",""copc_cell"":""E71"",""base_auc_cell"":""B71"",""test_date_cell"":""A71"",""model_header_cell"":""D66"",""metadata_cell"":""D67"",""metadata_raw"":""177M/0.3586GFLOPs/440mins"",""reported_gap_cell"":""F71"",""reported_gap_value"":-0.0009130000000000527,""reported_gap_formula"":""=D71-B71""},{""source"":""docs/experiments/副本RankMixer-汇总-0909.xlsx"",""sheet"":""Sheet1"",""auc_cell"":""G6"",""copc_cell"":""H6"",""base_auc_cell"":""B6"",""test_date_cell"":""A6"",""model_header_cell"":""G1"",""metadata_cell"":""G2"",""metadata_raw"":""177M/0.3586GFLOPs/440mins"",""reported_gap_cell"":""I6"",""reported_gap_value"":-0.0009130000000000527,""reported_gap_formula"":""=G6-B6""},{""source"":""docs/experiments/副本RankMixer-汇总-0909.xlsx"",""sheet"":""Sheet1"",""auc_cell"":""D71"",""copc_cell"":""E71"",""base_auc_cell"":""B71"",""test_date_cell"":""A71"",""model_header_cell"":""D66"",""metadata_cell"":""D67"",""metadata_raw"":""177M/0.3586GFLOPs/440mins"",""reported_gap_cell"":""F71"",""reported_gap_value"":-0.0009130000000000527,""reported_gap_formula"":""=D71-B71""},{""source"":""docs/experiments/RankMixer-汇总.xlsx"",""sheet"":""Sheet1"",""auc_cell"":""G6"",""copc_cell"":""H6"",""base_auc_cell"":""B6"",""test_date_cell"":""A6"",""model_header_cell"":""G1"",""metadata_cell"":""G2"",""metadata_raw"":""177M/0.3586GFLOPs/440mins"",""reported_gap_cell"":""I6"",""reported_gap_value"":-0.0009130000000000527,""reported_gap_formula"":""=G6-B6""}]"
2026-08-15,bn_rankmixer_v6,2026-08-18,2026-08-19,4,warm,0.868878,0.994335,0.869868,-0.00099,-9.9,False,observed,5,docs/experiments/RankMixer-汇总-0909.xlsx,Sheet1,G7,H7,B7,"[{""source"":""docs/experiments/RankMixer-汇总-0909.xlsx"",""sheet"":""Sheet1"",""auc_cell"":""G7"",""copc_cell"":""H7"",""base_auc_cell"":""B7"",""test_date_cell"":""A7"",""model_header_cell"":""G1"",""metadata_cell"":""G2"",""metadata_raw"":""177M/0.3586GFLOPs/440mins"",""reported_gap_cell"":""I7"",""reported_gap_value"":-0.0009899999999999354,""reported_gap_formula"":""=G7-B7""},{""source"":""docs/experiments/RankMixer-汇总-0909.xlsx"",""sheet"":""Sheet1"",""auc_cell"":""D72"",""copc_cell"":""E72"",""base_auc_cell"":""B72"",""test_date_cell"":""A72"",""model_header_cell"":""D66"",""metadata_cell"":""D67"",""metadata_raw"":""177M/0.3586GFLOPs/440mins"",""reported_gap_cell"":""F72"",""reported_gap_value"":-0.0009899999999999354,""reported_gap_formula"":""=D72-B72""},{""source"":""docs/experiments/副本RankMixer-汇总-0909.xlsx"",""sheet"":""Sheet1"",""auc_cell"":""G7"",""copc_cell"":""H7"",""base_auc_cell"":""B7"",""test_date_cell"":""A7"",""model_header_cell"":""G1"",""metadata_cell"":""G2"",""metadata_raw"":""177M/0.3586GFLOPs/440mins"",""reported_gap_cell"":""I7"",""reported_gap_value"":-0.0009899999999999354,""reported_gap_formula"":""=G7-B7""},{""source"":""docs/experiments/副本RankMixer-汇总-0909.xlsx"",""sheet"":""Sheet1"",""auc_cell"":""D72"",""copc_cell"":""E72"",""base_auc_cell"":""B72"",""test_date_cell"":""A72"",""model_header_cell"":""D66"",""metadata_cell"":""D67"",""metadata_raw"":""177M/0.3586GFLOPs/440mins"",""reported_gap_cell"":""F72"",""reported_gap_value"":-0.0009899999999999354,""reported_gap_formula"":""=D72-B72""},{""source"":""docs/experiments/RankMixer-汇总.xlsx"",""sheet"":""Sheet1"",""auc_cell"":""G7"",""copc_cell"":""H7"",""base_auc_cell"":""B7"",""test_date_cell"":""A7"",""model_header_cell"":""G1"",""metadata_cell"":""G2"",""metadata_raw"":""177M/0.3586GFLOPs/440mins"",""reported_gap_cell"":""I7"",""reported_gap_value"":-0.0009899999999999354,""reported_gap_formula"":""=G7-B7""}]"
2026-08-15,bn_rankmixer_v6_e2,2026-08-15,2026-08-16,1,cold,0.866562,0.992616,0.86696,-0.000398,-3.98,False,observed,5,docs/experiments/RankMixer-汇总-0909.xlsx,Sheet1,J4,K4,B4,"[{""source"":""docs/experiments/RankMixer-汇总-0909.xlsx"",""sheet"":""Sheet1"",""auc_cell"":""J4"",""copc_cell"":""K4"",""base_auc_cell"":""B4"",""test_date_cell"":""A4"",""model_header_cell"":""J1"",""metadata_cell"":""J2"",""metadata_raw"":""199M/560mins"",""reported_gap_cell"":""L4"",""reported_gap_value"":-0.00039799999999989844,""reported_gap_formula"":""=J4-B4""},{""source"":""docs/experiments/RankMixer-汇总-0909.xlsx"",""sheet"":""Sheet1"",""auc_cell"":""G69"",""copc_cell"":""H69"",""base_auc_cell"":""B69"",""test_date_cell"":""A69"",""model_header_cell"":""G66"",""metadata_cell"":""G67"",""metadata_raw"":""199M/560mins"",""reported_gap_cell"":""I69"",""reported_gap_value"":-0.00039799999999989844,""reported_gap_formula"":""=G69-B69""},{""source"":""docs/experiments/副本RankMixer-汇总-0909.xlsx"",""sheet"":""Sheet1"",""auc_cell"":""J4"",""copc_cell"":""K4"",""base_auc_cell"":""B4"",""test_date_cell"":""A4"",""model_header_cell"":""J1"",""metadata_cell"":""J2"",""metadata_raw"":""199M/560mins"",""reported_gap_cell"":""L4"",""reported_gap_value"":-0.00039799999999989844,""reported_gap_formula"":""=J4-B4""},{""source"":""docs/experiments/副本RankMixer-汇总-0909.xlsx"",""sheet"":""Sheet1"",""auc_cell"":""G69"",""copc_cell"":""H69"",""base_auc_cell"":""B69"",""test_date_cell"":""A69"",""model_header_cell"":""G66"",""metadata_cell"":""G67"",""metadata_raw"":""199M/560mins"",""reported_gap_cell"":""I69"",""reported_gap_value"":-0.00039799999999989844,""reported_gap_formula"":""=G69-B69""},{""source"":""docs/experiments/RankMixer-汇总.xlsx"",""sheet"":""Sheet1"",""auc_cell"":""J4"",""copc_cell"":""K4"",""base_auc_cell"":""B4"",""test_date_cell"":""A4"",""model_header_cell"":""J1"",""metadata_cell"":""J2"",""metadata_raw"":""199M/560mins"",""reported_gap_cell"":""L4"",""reported_gap_value"":-0.00039799999999989844,""reported_gap_formula"":""=J4-B4""}]"
2026-08-15,bn_rankmixer_v6_e2,2026-08-16,2026-08-17,2,warm,0.867488,1.000266,0.867867,-0.000379,-3.79,False,observed,5,docs/experiments/RankMixer-汇总-0909.xlsx,Sheet1,J5,K5,B5,"[{""source"":""docs/experiments/RankMixer-汇总-0909.xlsx"",""sheet"":""Sheet1"",""auc_cell"":""J5"",""copc_cell"":""K5"",""base_auc_cell"":""B5"",""test_date_cell"":""A5"",""model_header_cell"":""J1"",""metadata_cell"":""J2"",""metadata_raw"":""199M/560mins"",""reported_gap_cell"":""L5"",""reported_gap_value"":-0.0003790000000000182,""reported_gap_formula"":""=J5-B5""},{""source"":""docs/experiments/RankMixer-汇总-0909.xlsx"",""sheet"":""Sheet1"",""auc_cell"":""G70"",""copc_cell"":""H70"",""base_auc_cell"":""B70"",""test_date_cell"":""A70"",""model_header_cell"":""G66"",""metadata_cell"":""G67"",""metadata_raw"":""199M/560mins"",""reported_gap_cell"":""I70"",""reported_gap_value"":-0.0003790000000000182,""reported_gap_formula"":""=G70-B70""},{""source"":""docs/experiments/副本RankMixer-汇总-0909.xlsx"",""sheet"":""Sheet1"",""auc_cell"":""J5"",""copc_cell"":""K5"",""base_auc_cell"":""B5"",""test_date_cell"":""A5"",""model_header_cell"":""J1"",""metadata_cell"":""J2"",""metadata_raw"":""199M/560mins"",""reported_gap_cell"":""L5"",""reported_gap_value"":-0.0003790000000000182,""reported_gap_formula"":""=J5-B5""},{""source"":""docs/experiments/副本RankMixer-汇总-0909.xlsx"",""sheet"":""Sheet1"",""auc_cell"":""G70"",""copc_cell"":""H70"",""base_auc_cell"":""B70"",""test_date_cell"":""A70"",""model_header_cell"":""G66"",""metadata_cell"":""G67"",""metadata_raw"":""199M/560mins"",""reported_gap_cell"":""I70"",""reported_gap_value"":-0.0003790000000000182,""reported_gap_formula"":""=G70-B70""},{""source"":""docs/experiments/RankMixer-汇总.xlsx"",""sheet"":""Sheet1"",""auc_cell"":""J5"",""copc_cell"":""K5"",""base_auc_cell"":""B5"",""test_date_cell"":""A5"",""model_header_cell"":""J1"",""metadata_cell"":""J2"",""metadata_raw"":""199M/560mins"",""reported_gap_cell"":""L5"",""reported_gap_value"":-0.0003790000000000182,""reported_gap_formula"":""=J5-B5""}]"
2026-08-15,bn_rankmixer_v6_e2,2026-08-17,2026-08-18,3,warm,0.86844,1.003412,0.868909,-0.000469,-4.69,False,observed,5,docs/experiments/RankMixer-汇总-0909.xlsx,Sheet1,J6,K6,B6,"[{""source"":""docs/experiments/RankMixer-汇总-0909.xlsx"",""sheet"":""Sheet1"",""auc_cell"":""J6"",""copc_cell"":""K6"",""base_auc_cell"":""B6"",""test_date_cell"":""A6"",""model_header_cell"":""J1"",""metadata_cell"":""J2"",""metadata_raw"":""199M/560mins"",""reported_gap_cell"":""L6"",""reported_gap_value"":-0.0004690000000000527,""reported_gap_formula"":""=J6-B6""},{""source"":""docs/experiments/RankMixer-汇总-0909.xlsx"",""sheet"":""Sheet1"",""auc_cell"":""G71"",""copc_cell"":""H71"",""base_auc_cell"":""B71"",""test_date_cell"":""A71"",""model_header_cell"":""G66"",""metadata_cell"":""G67"",""metadata_raw"":""199M/560mins"",""reported_gap_cell"":""I71"",""reported_gap_value"":-0.0004690000000000527,""reported_gap_formula"":""=G71-B71""},{""source"":""docs/experiments/副本RankMixer-汇总-0909.xlsx"",""sheet"":""Sheet1"",""auc_cell"":""J6"",""copc_cell"":""K6"",""base_auc_cell"":""B6"",""test_date_cell"":""A6"",""model_header_cell"":""J1"",""metadata_cell"":""J2"",""metadata_raw"":""199M/560mins"",""reported_gap_cell"":""L6"",""reported_gap_value"":-0.0004690000000000527,""reported_gap_formula"":""=J6-B6""},{""source"":""docs/experiments/副本RankMixer-汇总-0909.xlsx"",""sheet"":""Sheet1"",""auc_cell"":""G71"",""copc_cell"":""H71"",""base_auc_cell"":""B71"",""test_date_cell"":""A71"",""model_header_cell"":""G66"",""metadata_cell"":""G67"",""metadata_raw"":""199M/560mins"",""reported_gap_cell"":""I71"",""reported_gap_value"":-0.0004690000000000527,""reported_gap_formula"":""=G71-B71""},{""source"":""docs/experiments/RankMixer-汇总.xlsx"",""sheet"":""Sheet1"",""auc_cell"":""J6"",""copc_cell"":""K6"",""base_auc_cell"":""B6"",""test_date_cell"":""A6"",""model_header_cell"":""J1"",""metadata_cell"":""J2"",""metadata_raw"":""199M/560mins"",""reported_gap_cell"":""L6"",""reported_gap_value"":-0.0004690000000000527,""reported_gap_formula"":""=J6-B6""}]"
2026-08-15,bn_rankmixer_v6_e2,2026-08-18,2026-08-19,4,warm,0.869406,1.002997,0.869868,-0.000462,-4.62,False,observed,4,docs/experiments/RankMixer-汇总-0909.xlsx,Sheet1,J7,K7,B7,"[{""source"":""docs/experiments/RankMixer-汇总-0909.xlsx"",""sheet"":""Sheet1"",""auc_cell"":""J7"",""copc_cell"":""K7"",""base_auc_cell"":""B7"",""test_date_cell"":""A7"",""model_header_cell"":""J1"",""metadata_cell"":""J2"",""metadata_raw"":""199M/560mins"",""reported_gap_cell"":""L7"",""reported_gap_value"":-0.00046199999999996244,""reported_gap_formula"":""=J7-B7""},{""source"":""docs/experiments/RankMixer-汇总-0909.xlsx"",""sheet"":""Sheet1"",""auc_cell"":""G72"",""copc_cell"":""H72"",""base_auc_cell"":""B72"",""test_date_cell"":""A72"",""model_header_cell"":""G66"",""metadata_cell"":""G67"",""metadata_raw"":""199M/560mins"",""reported_gap_cell"":""I72"",""reported_gap_value"":-0.00046199999999996244,""reported_gap_formula"":""=G72-B72""},{""source"":""docs/experiments/副本RankMixer-汇总-0909.xlsx"",""sheet"":""Sheet1"",""auc_cell"":""J7"",""copc_cell"":""K7"",""base_auc_cell"":""B7"",""test_date_cell"":""A7"",""model_header_cell"":""J1"",""metadata_cell"":""J2"",""metadata_raw"":""199M/560mins"",""reported_gap_cell"":""L7"",""reported_gap_value"":-0.00046199999999996244,""reported_gap_formula"":""=J7-B7""},{""source"":""docs/experiments/副本RankMixer-汇总-0909.xlsx"",""sheet"":""Sheet1"",""auc_cell"":""G72"",""copc_cell"":""H72"",""base_auc_cell"":""B72"",""test_date_cell"":""A72"",""model_header_cell"":""G66"",""metadata_cell"":""G67"",""metadata_raw"":""199M/560mins"",""reported_gap_cell"":""I72"",""reported_gap_value"":-0.00046199999999996244,""reported_gap_formula"":""=G72-B72""}]"
2026-08-15,bn_rankmixer_v6_e2,2026-08-19,2026-08-20,5,warm,0.869088,1.007179,0.869504,-0.000416,-4.16,False,observed,4,docs/experiments/RankMixer-汇总-0909.xlsx,Sheet1,J8,K8,B8,"[{""source"":""docs/experiments/RankMixer-汇总-0909.xlsx"",""sheet"":""Sheet1"",""auc_cell"":""J8"",""copc_cell"":""K8"",""base_auc_cell"":""B8"",""test_date_cell"":""A8"",""model_header_cell"":""J1"",""metadata_cell"":""J2"",""metadata_raw"":""199M/560mins"",""reported_gap_cell"":""L8"",""reported_gap_value"":-0.00041600000000008297,""reported_gap_formula"":""=J8-B8""},{""source"":""docs/experiments/RankMixer-汇总-0909.xlsx"",""sheet"":""Sheet1"",""auc_cell"":""G73"",""copc_cell"":""H73"",""base_auc_cell"":""B73"",""test_date_cell"":""A73"",""model_header_cell"":""G66"",""metadata_cell"":""G67"",""metadata_raw"":""199M/560mins"",""reported_gap_cell"":""I73"",""reported_gap_value"":-0.00041600000000008297,""reported_gap_formula"":""=G73-B73""},{""source"":""docs/experiments/副本RankMixer-汇总-0909.xlsx"",""sheet"":""Sheet1"",""auc_cell"":""J8"",""copc_cell"":""K8"",""base_auc_cell"":""B8"",""test_date_cell"":""A8"",""model_header_cell"":""J1"",""metadata_cell"":""J2"",""metadata_raw"":""199M/560mins"",""reported_gap_cell"":""L8"",""reported_gap_value"":-0.00041600000000008297,""reported_gap_formula"":""=J8-B8""},{""source"":""docs/experiments/副本RankMixer-汇总-0909.xlsx"",""sheet"":""Sheet1"",""auc_cell"":""G73"",""copc_cell"":""H73"",""base_auc_cell"":""B73"",""test_date_cell"":""A73"",""model_header_cell"":""G66"",""metadata_cell"":""G67"",""metadata_raw"":""199M/560mins"",""reported_gap_cell"":""I73"",""reported_gap_value"":-0.00041600000000008297,""reported_gap_formula"":""=G73-B73""}]"
2026-08-15,bn_rankmixer_v6_e2,2026-08-20,2026-08-21,6,warm,0.868819,1.020976,0.869311,-0.000492,-4.92,False,observed,4,docs/experiments/RankMixer-汇总-0909.xlsx,Sheet1,J9,K9,B9,"[{""source"":""docs/experiments/RankMixer-汇总-0909.xlsx"",""sheet"":""Sheet1"",""auc_cell"":""J9"",""copc_cell"":""K9"",""base_auc_cell"":""B9"",""test_date_cell"":""A9"",""model_header_cell"":""J1"",""metadata_cell"":""J2"",""metadata_raw"":""199M/560mins"",""reported_gap_cell"":""L9"",""reported_gap_value"":-0.0004919999999999369,""reported_gap_formula"":""=J9-B9""},{""source"":""docs/experiments/RankMixer-汇总-0909.xlsx"",""sheet"":""Sheet1"",""auc_cell"":""G74"",""copc_cell"":""H74"",""base_auc_cell"":""B74"",""test_date_cell"":""A74"",""model_header_cell"":""G66"",""metadata_cell"":""G67"",""metadata_raw"":""199M/560mins"",""reported_gap_cell"":""I74"",""reported_gap_value"":-0.0004919999999999369,""reported_gap_formula"":""=G74-B74""},{""source"":""docs/experiments/副本RankMixer-汇总-0909.xlsx"",""sheet"":""Sheet1"",""auc_cell"":""J9"",""copc_cell"":""K9"",""base_auc_cell"":""B9"",""test_date_cell"":""A9"",""model_header_cell"":""J1"",""metadata_cell"":""J2"",""metadata_raw"":""199M/560mins"",""reported_gap_cell"":""L9"",""reported_gap_value"":-0.0004919999999999369,""reported_gap_formula"":""=J9-B9""},{""source"":""docs/experiments/副本RankMixer-汇总-0909.xlsx"",""sheet"":""Sheet1"",""auc_cell"":""G74"",""copc_cell"":""H74"",""base_auc_cell"":""B74"",""test_date_cell"":""A74"",""model_header_cell"":""G66"",""metadata_cell"":""G67"",""metadata_raw"":""199M/560mins"",""reported_gap_cell"":""I74"",""reported_gap_value"":-0.0004919999999999369,""reported_gap_formula"":""=G74-B74""}]"
2026-08-15,bn_rankmixer_v6_e2_small,2026-08-15,2026-08-16,1,cold,0.86651,1.01016,0.86696,-0.00045,-4.5,False,observed,5,docs/experiments/RankMixer-汇总-0909.xlsx,Sheet1,M4,N4,B4,"[{""source"":""docs/experiments/RankMixer-汇总-0909.xlsx"",""sheet"":""Sheet1"",""auc_cell"":""M4"",""copc_cell"":""N4"",""base_auc_cell"":""B4"",""test_date_cell"":""A4"",""model_header_cell"":""M1"",""metadata_cell"":""M2"",""metadata_raw"":null,""reported_gap_cell"":""O4"",""reported_gap_value"":-0.00044999999999995044,""reported_gap_formula"":""=M4-B4""},{""source"":""docs/experiments/RankMixer-汇总-0909.xlsx"",""sheet"":""Sheet1"",""auc_cell"":""J69"",""copc_cell"":""K69"",""base_auc_cell"":""B69"",""test_date_cell"":""A69"",""model_header_cell"":""J66"",""metadata_cell"":""J67"",""metadata_raw"":null,""reported_gap_cell"":""L69"",""reported_gap_value"":-0.00044999999999995044,""reported_gap_formula"":""=J69-B69""},{""source"":""docs/experiments/副本RankMixer-汇总-0909.xlsx"",""sheet"":""Sheet1"",""auc_cell"":""M4"",""copc_cell"":""N4"",""base_auc_cell"":""B4"",""test_date_cell"":""A4"",""model_header_cell"":""M1"",""metadata_cell"":""M2"",""metadata_raw"":null,""reported_gap_cell"":""O4"",""reported_gap_value"":-0.00044999999999995044,""reported_gap_formula"":""=M4-B4""},{""source"":""docs/experiments/副本RankMixer-汇总-0909.xlsx"",""sheet"":""Sheet1"",""auc_cell"":""J69"",""copc_cell"":""K69"",""base_auc_cell"":""B69"",""test_date_cell"":""A69"",""model_header_cell"":""J66"",""metadata_cell"":""J67"",""metadata_raw"":null,""reported_gap_cell"":""L69"",""reported_gap_value"":-0.00044999999999995044,""reported_gap_formula"":""=J69-B69""},{""source"":""docs/experiments/RankMixer-汇总.xlsx"",""sheet"":""Sheet1"",""auc_cell"":""M4"",""copc_cell"":""N4"",""base_auc_cell"":""B4"",""test_date_cell"":""A4"",""model_header_cell"":""M1"",""metadata_cell"":""M2"",""metadata_raw"":null,""reported_gap_cell"":""O4"",""reported_gap_value"":-0.00044999999999995044,""reported_gap_formula"":""=M4-B4""}]"
2026-08-15,bn_rankmixer_v6_e2_small,2026-08-16,2026-08-17,2,warm,0.86745,0.983928,0.867867,-0.000417,-4.17,False,observed,4,docs/experiments/RankMixer-汇总-0909.xlsx,Sheet1,M5,N5,B5,"[{""source"":""docs/experiments/RankMixer-汇总-0909.xlsx"",""sheet"":""Sheet1"",""auc_cell"":""M5"",""copc_cell"":""N5"",""base_auc_cell"":""B5"",""test_date_cell"":""A5"",""model_header_cell"":""M1"",""metadata_cell"":""M2"",""metadata_raw"":null,""reported_gap_cell"":""O5"",""reported_gap_value"":-0.0004170000000000007,""reported_gap_formula"":""=M5-B5""},{""source"":""docs/experiments/RankMixer-汇总-0909.xlsx"",""sheet"":""Sheet1"",""auc_cell"":""J70"",""copc_cell"":""K70"",""base_auc_cell"":""B70"",""test_date_cell"":""A70"",""model_header_cell"":""J66"",""metadata_cell"":""J67"",""metadata_raw"":null,""reported_gap_cell"":""L70"",""reported_gap_value"":-0.0004170000000000007,""reported_gap_formula"":""=J70-B70""},{""source"":""docs/experiments/副本RankMixer-汇总-0909.xlsx"",""sheet"":""Sheet1"",""auc_cell"":""M5"",""copc_cell"":""N5"",""base_auc_cell"":""B5"",""test_date_cell"":""A5"",""model_header_cell"":""M1"",""metadata_cell"":""M2"",""metadata_raw"":null,""reported_gap_cell"":""O5"",""reported_gap_value"":-0.0004170000000000007,""reported_gap_formula"":""=M5-B5""},{""source"":""docs/experiments/副本RankMixer-汇总-0909.xlsx"",""sheet"":""Sheet1"",""auc_cell"":""J70"",""copc_cell"":""K70"",""base_auc_cell"":""B70"",""test_date_cell"":""A70"",""model_header_cell"":""J66"",""metadata_cell"":""J67"",""metadata_raw"":null,""reported_gap_cell"":""L70"",""reported_gap_value"":-0.0004170000000000007,""reported_gap_formula"":""=J70-B70""}]"
2026-08-15,bn_rankmixer_v6_e2_small,2026-08-17,2026-08-18,3,warm,0.868375,0.99501,0.868909,-0.000534,-5.34,False,observed,4,docs/experiments/RankMixer-汇总-0909.xlsx,Sheet1,M6,N6,B6,"[{""source"":""docs/experiments/RankMixer-汇总-0909.xlsx"",""sheet"":""Sheet1"",""auc_cell"":""M6"",""copc_cell"":""N6"",""base_auc_cell"":""B6"",""test_date_cell"":""A6"",""model_header_cell"":""M1"",""metadata_cell"":""M2"",""metadata_raw"":null,""reported_gap_cell"":""O6"",""reported_gap_value"":-0.0005340000000000344,""reported_gap_formula"":""=M6-B6""},{""source"":""docs/experiments/RankMixer-汇总-0909.xlsx"",""sheet"":""Sheet1"",""auc_cell"":""J71"",""copc_cell"":""K71"",""base_auc_cell"":""B71"",""test_date_cell"":""A71"",""model_header_cell"":""J66"",""metadata_cell"":""J67"",""metadata_raw"":null,""reported_gap_cell"":""L71"",""reported_gap_value"":-0.0005340000000000344,""reported_gap_formula"":""=J71-B71""},{""source"":""docs/experiments/副本RankMixer-汇总-0909.xlsx"",""sheet"":""Sheet1"",""auc_cell"":""M6"",""copc_cell"":""N6"",""base_auc_cell"":""B6"",""test_date_cell"":""A6"",""model_header_cell"":""M1"",""metadata_cell"":""M2"",""metadata_raw"":null,""reported_gap_cell"":""O6"",""reported_gap_value"":-0.0005340000000000344,""reported_gap_formula"":""=M6-B6""},{""source"":""docs/experiments/副本RankMixer-汇总-0909.xlsx"",""sheet"":""Sheet1"",""auc_cell"":""J71"",""copc_cell"":""K71"",""base_auc_cell"":""B71"",""test_date_cell"":""A71"",""model_header_cell"":""J66"",""metadata_cell"":""J67"",""metadata_raw"":null,""reported_gap_cell"":""L71"",""reported_gap_value"":-0.0005340000000000344,""reported_gap_formula"":""=J71-B71""}]"
2026-08-15,bn_rankmixer_v6_e2_small,2026-08-18,2026-08-19,4,warm,0.869339,0.983074,0.869868,-0.000529,-5.29,False,observed,4,docs/experiments/RankMixer-汇总-0909.xlsx,Sheet1,M7,N7,B7,"[{""source"":""docs/experiments/RankMixer-汇总-0909.xlsx"",""sheet"":""Sheet1"",""auc_cell"":""M7"",""copc_cell"":""N7"",""base_auc_cell"":""B7"",""test_date_cell"":""A7"",""model_header_cell"":""M1"",""metadata_cell"":""M2"",""metadata_raw"":null,""reported_gap_cell"":""O7"",""reported_gap_value"":-0.0005290000000000017,""reported_gap_formula"":""=M7-B7""},{""source"":""docs/experiments/RankMixer-汇总-0909.xlsx"",""sheet"":""Sheet1"",""auc_cell"":""J72"",""copc_cell"":""K72"",""base_auc_cell"":""B72"",""test_date_cell"":""A72"",""model_header_cell"":""J66"",""metadata_cell"":""J67"",""metadata_raw"":null,""reported_gap_cell"":""L72"",""reported_gap_value"":-0.0005290000000000017,""reported_gap_formula"":""=J72-B72""},{""source"":""docs/experiments/副本RankMixer-汇总-0909.xlsx"",""sheet"":""Sheet1"",""auc_cell"":""M7"",""copc_cell"":""N7"",""base_auc_cell"":""B7"",""test_date_cell"":""A7"",""model_header_cell"":""M1"",""metadata_cell"":""M2"",""metadata_raw"":null,""reported_gap_cell"":""O7"",""reported_gap_value"":-0.0005290000000000017,""reported_gap_formula"":""=M7-B7""},{""source"":""docs/experiments/副本RankMixer-汇总-0909.xlsx"",""sheet"":""Sheet1"",""auc_cell"":""J72"",""copc_cell"":""K72"",""base_auc_cell"":""B72"",""test_date_cell"":""A72"",""model_header_cell"":""J66"",""metadata_cell"":""J67"",""metadata_raw"":null,""reported_gap_cell"":""L72"",""reported_gap_value"":-0.0005290000000000017,""reported_gap_formula"":""=J72-B72""}]"
2026-08-15,bn_rankmixer_v6_e2_small,2026-08-19,2026-08-20,5,warm,0.869041,1.004643,0.869504,-0.000463,-4.63,False,observed,4,docs/experiments/RankMixer-汇总-0909.xlsx,Sheet1,M8,N8,B8,"[{""source"":""docs/experiments/RankMixer-汇总-0909.xlsx"",""sheet"":""Sheet1"",""auc_cell"":""M8"",""copc_cell"":""N8"",""base_auc_cell"":""B8"",""test_date_cell"":""A8"",""model_header_cell"":""M1"",""metadata_cell"":""M2"",""metadata_raw"":null,""reported_gap_cell"":""O8"",""reported_gap_value"":-0.0004630000000001022,""reported_gap_formula"":""=M8-B8""},{""source"":""docs/experiments/RankMixer-汇总-0909.xlsx"",""sheet"":""Sheet1"",""auc_cell"":""J73"",""copc_cell"":""K73"",""base_auc_cell"":""B73"",""test_date_cell"":""A73"",""model_header_cell"":""J66"",""metadata_cell"":""J67"",""metadata_raw"":null,""reported_gap_cell"":""L73"",""reported_gap_value"":-0.0004630000000001022,""reported_gap_formula"":""=J73-B73""},{""source"":""docs/experiments/副本RankMixer-汇总-0909.xlsx"",""sheet"":""Sheet1"",""auc_cell"":""M8"",""copc_cell"":""N8"",""base_auc_cell"":""B8"",""test_date_cell"":""A8"",""model_header_cell"":""M1"",""metadata_cell"":""M2"",""metadata_raw"":null,""reported_gap_cell"":""O8"",""reported_gap_value"":-0.0004630000000001022,""reported_gap_formula"":""=M8-B8""},{""source"":""docs/experiments/副本RankMixer-汇总-0909.xlsx"",""sheet"":""Sheet1"",""auc_cell"":""J73"",""copc_cell"":""K73"",""base_auc_cell"":""B73"",""test_date_cell"":""A73"",""model_header_cell"":""J66"",""metadata_cell"":""J67"",""metadata_raw"":null,""reported_gap_cell"":""L73"",""reported_gap_value"":-0.0004630000000001022,""reported_gap_formula"":""=J73-B73""}]"
2026-08-15,bn_rankmixer_v6_e2_small,2026-08-20,2026-08-21,6,warm,0.86884,1.017854,0.869311,-0.000471,-4.71,False,observed,2,docs/experiments/RankMixer-汇总-0909.xlsx,Sheet1,J74,K74,B74,"[{""source"":""docs/experiments/RankMixer-汇总-0909.xlsx"",""sheet"":""Sheet1"",""auc_cell"":""J74"",""copc_cell"":""K74"",""base_auc_cell"":""B74"",""test_date_cell"":""A74"",""model_header_cell"":""J66"",""metadata_cell"":""J67"",""metadata_raw"":null,""reported_gap_cell"":""L74"",""reported_gap_value"":-0.0004709999999999992,""reported_gap_formula"":""=J74-B74""},{""source"":""docs/experiments/副本RankMixer-汇总-0909.xlsx"",""sheet"":""Sheet1"",""auc_cell"":""J74"",""copc_cell"":""K74"",""base_auc_cell"":""B74"",""test_date_cell"":""A74"",""model_header_cell"":""J66"",""metadata_cell"":""J67"",""metadata_raw"":null,""reported_gap_cell"":""L74"",""reported_gap_value"":-0.0004709999999999992,""reported_gap_formula"":""=J74-B74""}]"
2026-08-15,bn_rankmixer_v6_e2_small_1,2026-08-15,2026-08-16,1,cold,0.866085,1.000299,0.86696,-0.000875,-8.75,False,observed,2,docs/experiments/RankMixer-汇总-0909.xlsx,Sheet1,M69,N69,B69,"[{""source"":""docs/experiments/RankMixer-汇总-0909.xlsx"",""sheet"":""Sheet1"",""auc_cell"":""M69"",""copc_cell"":""N69"",""base_auc_cell"":""B69"",""test_date_cell"":""A69"",""model_header_cell"":""M66"",""metadata_cell"":""M67"",""metadata_raw"":null,""reported_gap_cell"":""O69"",""reported_gap_value"":-0.0008749999999999591,""reported_gap_formula"":""=M69-B69""},{""source"":""docs/experiments/副本RankMixer-汇总-0909.xlsx"",""sheet"":""Sheet1"",""auc_cell"":""M69"",""copc_cell"":""N69"",""base_auc_cell"":""B69"",""test_date_cell"":""A69"",""model_header_cell"":""M66"",""metadata_cell"":""M67"",""metadata_raw"":null,""reported_gap_cell"":""O69"",""reported_gap_value"":-0.0008749999999999591,""reported_gap_formula"":""=M69-B69""}]"
2026-08-15,bn_rankmixer_v6_e2_small_2,2026-08-15,2026-08-16,1,cold,0.866261,0.995815,0.86696,-0.000699,-6.99,False,observed,2,docs/experiments/RankMixer-汇总-0909.xlsx,Sheet1,P69,Q69,B69,"[{""source"":""docs/experiments/RankMixer-汇总-0909.xlsx"",""sheet"":""Sheet1"",""auc_cell"":""P69"",""copc_cell"":""Q69"",""base_auc_cell"":""B69"",""test_date_cell"":""A69"",""model_header_cell"":""P66"",""metadata_cell"":""P67"",""metadata_raw"":null,""reported_gap_cell"":""R69"",""reported_gap_value"":-0.0006990000000000052,""reported_gap_formula"":""=P69-B69""},{""source"":""docs/experiments/副本RankMixer-汇总-0909.xlsx"",""sheet"":""Sheet1"",""auc_cell"":""P69"",""copc_cell"":""Q69"",""base_auc_cell"":""B69"",""test_date_cell"":""A69"",""model_header_cell"":""P66"",""metadata_cell"":""P67"",""metadata_raw"":null,""reported_gap_cell"":""R69"",""reported_gap_value"":-0.0006990000000000052,""reported_gap_formula"":""=P69-B69""}]"
2026-08-15,bn_rankmixer_v6_e2_small_2,2026-08-16,2026-08-17,2,warm,0.867183,1.00224,0.867867,-0.000684,-6.84,False,observed,2,docs/experiments/RankMixer-汇总-0909.xlsx,Sheet1,P70,Q70,B70,"[{""source"":""docs/experiments/RankMixer-汇总-0909.xlsx"",""sheet"":""Sheet1"",""auc_cell"":""P70"",""copc_cell"":""Q70"",""base_auc_cell"":""B70"",""test_date_cell"":""A70"",""model_header_cell"":""P66"",""metadata_cell"":""P67"",""metadata_raw"":null,""reported_gap_cell"":""R70"",""reported_gap_value"":-0.0006840000000000179,""reported_gap_formula"":""=P70-B70""},{""source"":""docs/experiments/副本RankMixer-汇总-0909.xlsx"",""sheet"":""Sheet1"",""auc_cell"":""P70"",""copc_cell"":""Q70"",""base_auc_cell"":""B70"",""test_date_cell"":""A70"",""model_header_cell"":""P66"",""metadata_cell"":""P67"",""metadata_raw"":null,""reported_gap_cell"":""R70"",""reported_gap_value"":-0.0006840000000000179,""reported_gap_formula"":""=P70-B70""}]"
2026-08-15,bn_rankmixer_v6_e2_small_3,2026-08-15,2026-08-16,1,cold,0.866559,0.991841,0.86696,-0.000401,-4.01,False,observed,2,docs/experiments/RankMixer-汇总-0909.xlsx,Sheet1,V69,W69,B69,"[{""source"":""docs/experiments/RankMixer-汇总-0909.xlsx"",""sheet"":""Sheet1"",""auc_cell"":""V69"",""copc_cell"":""W69"",""base_auc_cell"":""B69"",""test_date_cell"":""A69"",""model_header_cell"":""V66"",""metadata_cell"":""V67"",""metadata_raw"":null,""reported_gap_cell"":""X69"",""reported_gap_value"":-0.0004009999999999847,""reported_gap_formula"":""=V69-B69""},{""source"":""docs/experiments/副本RankMixer-汇总-0909.xlsx"",""sheet"":""Sheet1"",""auc_cell"":""V69"",""copc_cell"":""W69"",""base_auc_cell"":""B69"",""test_date_cell"":""A69"",""model_header_cell"":""V66"",""metadata_cell"":""V67"",""metadata_raw"":null,""reported_gap_cell"":""X69"",""reported_gap_value"":-0.0004009999999999847,""reported_gap_formula"":""=V69-B69""}]"
2026-08-15,bn_rankmixer_v6_e2_small_3,2026-08-16,2026-08-17,2,warm,0.86753,0.981053,0.867867,-0.000337,-3.37,False,observed,2,docs/experiments/RankMixer-汇总-0909.xlsx,Sheet1,V70,W70,B70,"[{""source"":""docs/experiments/RankMixer-汇总-0909.xlsx"",""sheet"":""Sheet1"",""auc_cell"":""V70"",""copc_cell"":""W70"",""base_auc_cell"":""B70"",""test_date_cell"":""A70"",""model_header_cell"":""V66"",""metadata_cell"":""V67"",""metadata_raw"":null,""reported_gap_cell"":""X70"",""reported_gap_value"":-0.0003370000000000317,""reported_gap_formula"":""=V70-B70""},{""source"":""docs/experiments/副本RankMixer-汇总-0909.xlsx"",""sheet"":""Sheet1"",""auc_cell"":""V70"",""copc_cell"":""W70"",""base_auc_cell"":""B70"",""test_date_cell"":""A70"",""model_header_cell"":""V66"",""metadata_cell"":""V67"",""metadata_raw"":null,""reported_gap_cell"":""X70"",""reported_gap_value"":-0.0003370000000000317,""reported_gap_formula"":""=V70-B70""}]"
2026-08-15,bn_rankmixer_v6_e2_small_3,2026-08-17,2026-08-18,3,warm,0.86865,1.017099,0.868909,-0.000259,-2.59,False,observed,2,docs/experiments/RankMixer-汇总-0909.xlsx,Sheet1,V71,W71,B71,"[{""source"":""docs/experiments/RankMixer-汇总-0909.xlsx"",""sheet"":""Sheet1"",""auc_cell"":""V71"",""copc_cell"":""W71"",""base_auc_cell"":""B71"",""test_date_cell"":""A71"",""model_header_cell"":""V66"",""metadata_cell"":""V67"",""metadata_raw"":null,""reported_gap_cell"":""X71"",""reported_gap_value"":-0.0002590000000000092,""reported_gap_formula"":""=V71-B71""},{""source"":""docs/experiments/副本RankMixer-汇总-0909.xlsx"",""sheet"":""Sheet1"",""auc_cell"":""V71"",""copc_cell"":""W71"",""base_auc_cell"":""B71"",""test_date_cell"":""A71"",""model_header_cell"":""V66"",""metadata_cell"":""V67"",""metadata_raw"":null,""reported_gap_cell"":""X71"",""reported_gap_value"":-0.0002590000000000092,""reported_gap_formula"":""=V71-B71""}]"
2026-08-15,bn_rankmixer_v6_e2_small_3,2026-08-18,2026-08-19,4,warm,0.869587,0.993935,0.869868,-0.000281,-2.81,False,observed,2,docs/experiments/RankMixer-汇总-0909.xlsx,Sheet1,V72,W72,B72,"[{""source"":""docs/experiments/RankMixer-汇总-0909.xlsx"",""sheet"":""Sheet1"",""auc_cell"":""V72"",""copc_cell"":""W72"",""base_auc_cell"":""B72"",""test_date_cell"":""A72"",""model_header_cell"":""V66"",""metadata_cell"":""V67"",""metadata_raw"":null,""reported_gap_cell"":""X72"",""reported_gap_value"":-0.0002809999999999757,""reported_gap_formula"":""=V72-B72""},{""source"":""docs/experiments/副本RankMixer-汇总-0909.xlsx"",""sheet"":""Sheet1"",""auc_cell"":""V72"",""copc_cell"":""W72"",""base_auc_cell"":""B72"",""test_date_cell"":""A72"",""model_header_cell"":""V66"",""metadata_cell"":""V67"",""metadata_raw"":null,""reported_gap_cell"":""X72"",""reported_gap_value"":-0.0002809999999999757,""reported_gap_formula"":""=V72-B72""}]"
2026-08-15,bn_rankmixer_v6_e2_small_3,2026-08-19,2026-08-20,5,warm,0.869335,1.009918,0.869504,-0.000169,-1.69,False,observed,2,docs/experiments/RankMixer-汇总-0909.xlsx,Sheet1,V73,W73,B73,"[{""source"":""docs/experiments/RankMixer-汇总-0909.xlsx"",""sheet"":""Sheet1"",""auc_cell"":""V73"",""copc_cell"":""W73"",""base_auc_cell"":""B73"",""test_date_cell"":""A73"",""model_header_cell"":""V66"",""metadata_cell"":""V67"",""metadata_raw"":null,""reported_gap_cell"":""X73"",""reported_gap_value"":-0.00016900000000008575,""reported_gap_formula"":""=V73-B73""},{""source"":""docs/experiments/副本RankMixer-汇总-0909.xlsx"",""sheet"":""Sheet1"",""auc_cell"":""V73"",""copc_cell"":""W73"",""base_auc_cell"":""B73"",""test_date_cell"":""A73"",""model_header_cell"":""V66"",""metadata_cell"":""V67"",""metadata_raw"":null,""reported_gap_cell"":""X73"",""reported_gap_value"":-0.00016900000000008575,""reported_gap_formula"":""=V73-B73""}]"
2026-08-15,bn_rankmixer_v6_e3,2026-08-15,2026-08-16,1,cold,0.866386,1.008348,0.86696,-0.000574,-5.74,False,observed,3,docs/experiments/RankMixer-汇总-0909.xlsx,Sheet1,P4,Q4,B4,"[{""source"":""docs/experiments/RankMixer-汇总-0909.xlsx"",""sheet"":""Sheet1"",""auc_cell"":""P4"",""copc_cell"":""Q4"",""base_auc_cell"":""B4"",""test_date_cell"":""A4"",""model_header_cell"":""P1"",""metadata_cell"":""P2"",""metadata_raw"":null,""reported_gap_cell"":""R4"",""reported_gap_value"":-0.0005739999999999634,""reported_gap_formula"":""=P4-B4""},{""source"":""docs/experiments/副本RankMixer-汇总-0909.xlsx"",""sheet"":""Sheet1"",""auc_cell"":""P4"",""copc_cell"":""Q4"",""base_auc_cell"":""B4"",""test_date_cell"":""A4"",""model_header_cell"":""P1"",""metadata_cell"":""P2"",""metadata_raw"":null,""reported_gap_cell"":""R4"",""reported_gap_value"":-0.0005739999999999634,""reported_gap_formula"":""=P4-B4""},{""source"":""docs/experiments/RankMixer-汇总.xlsx"",""sheet"":""Sheet1"",""auc_cell"":""P4"",""copc_cell"":""Q4"",""base_auc_cell"":""B4"",""test_date_cell"":""A4"",""model_header_cell"":""P1"",""metadata_cell"":""P2"",""metadata_raw"":null,""reported_gap_cell"":""R4"",""reported_gap_value"":-0.0005739999999999634,""reported_gap_formula"":""=P4-B4""}]"
2026-08-15,bn_rankmixer_v6_e3,2026-08-16,2026-08-17,2,warm,0.867416,0.983833,0.867867,-0.000451,-4.51,False,observed,2,docs/experiments/RankMixer-汇总-0909.xlsx,Sheet1,P5,Q5,B5,"[{""source"":""docs/experiments/RankMixer-汇总-0909.xlsx"",""sheet"":""Sheet1"",""auc_cell"":""P5"",""copc_cell"":""Q5"",""base_auc_cell"":""B5"",""test_date_cell"":""A5"",""model_header_cell"":""P1"",""metadata_cell"":""P2"",""metadata_raw"":null,""reported_gap_cell"":""R5"",""reported_gap_value"":-0.0004510000000000902,""reported_gap_formula"":""=P5-B5""},{""source"":""docs/experiments/副本RankMixer-汇总-0909.xlsx"",""sheet"":""Sheet1"",""auc_cell"":""P5"",""copc_cell"":""Q5"",""base_auc_cell"":""B5"",""test_date_cell"":""A5"",""model_header_cell"":""P1"",""metadata_cell"":""P2"",""metadata_raw"":null,""reported_gap_cell"":""R5"",""reported_gap_value"":-0.0004510000000000902,""reported_gap_formula"":""=P5-B5""}]"
2026-08-15,bn_rankmixer_v6_e3,2026-08-17,2026-08-18,3,warm,0.868336,0.993394,0.868909,-0.000573,-5.73,False,observed,2,docs/experiments/RankMixer-汇总-0909.xlsx,Sheet1,P6,Q6,B6,"[{""source"":""docs/experiments/RankMixer-汇总-0909.xlsx"",""sheet"":""Sheet1"",""auc_cell"":""P6"",""copc_cell"":""Q6"",""base_auc_cell"":""B6"",""test_date_cell"":""A6"",""model_header_cell"":""P1"",""metadata_cell"":""P2"",""metadata_raw"":null,""reported_gap_cell"":""R6"",""reported_gap_value"":-0.0005730000000000457,""reported_gap_formula"":""=P6-B6""},{""source"":""docs/experiments/副本RankMixer-汇总-0909.xlsx"",""sheet"":""Sheet1"",""auc_cell"":""P6"",""copc_cell"":""Q6"",""base_auc_cell"":""B6"",""test_date_cell"":""A6"",""model_header_cell"":""P1"",""metadata_cell"":""P2"",""metadata_raw"":null,""reported_gap_cell"":""R6"",""reported_gap_value"":-0.0005730000000000457,""reported_gap_formula"":""=P6-B6""}]"
2026-08-15,bn_rankmixer_v6_e3,2026-08-18,2026-08-19,4,warm,0.869211,1.000404,0.869868,-0.000657,-6.57,False,observed,2,docs/experiments/RankMixer-汇总-0909.xlsx,Sheet1,P7,Q7,B7,"[{""source"":""docs/experiments/RankMixer-汇总-0909.xlsx"",""sheet"":""Sheet1"",""auc_cell"":""P7"",""copc_cell"":""Q7"",""base_auc_cell"":""B7"",""test_date_cell"":""A7"",""model_header_cell"":""P1"",""metadata_cell"":""P2"",""metadata_raw"":null,""reported_gap_cell"":""R7"",""reported_gap_value"":-0.0006570000000000187,""reported_gap_formula"":""=P7-B7""},{""source"":""docs/experiments/副本RankMixer-汇总-0909.xlsx"",""sheet"":""Sheet1"",""auc_cell"":""P7"",""copc_cell"":""Q7"",""base_auc_cell"":""B7"",""test_date_cell"":""A7"",""model_header_cell"":""P1"",""metadata_cell"":""P2"",""metadata_raw"":null,""reported_gap_cell"":""R7"",""reported_gap_value"":-0.0006570000000000187,""reported_gap_formula"":""=P7-B7""}]"
2026-08-15,bn_rankmixer_v6_e4,2026-08-15,2026-08-16,1,cold,0.866333,1.000596,0.86696,-0.000627,-6.27,False,observed,3,docs/experiments/RankMixer-汇总-0909.xlsx,Sheet1,V4,W4,B4,"[{""source"":""docs/experiments/RankMixer-汇总-0909.xlsx"",""sheet"":""Sheet1"",""auc_cell"":""V4"",""copc_cell"":""W4"",""base_auc_cell"":""B4"",""test_date_cell"":""A4"",""model_header_cell"":""V1"",""metadata_cell"":""V2"",""metadata_raw"":null,""reported_gap_cell"":""X4"",""reported_gap_value"":-0.0006269999999999332,""reported_gap_formula"":""=V4-B4""},{""source"":""docs/experiments/副本RankMixer-汇总-0909.xlsx"",""sheet"":""Sheet1"",""auc_cell"":""V4"",""copc_cell"":""W4"",""base_auc_cell"":""B4"",""test_date_cell"":""A4"",""model_header_cell"":""V1"",""metadata_cell"":""V2"",""metadata_raw"":null,""reported_gap_cell"":""X4"",""reported_gap_value"":-0.0006269999999999332,""reported_gap_formula"":""=V4-B4""},{""source"":""docs/experiments/RankMixer-汇总.xlsx"",""sheet"":""Sheet1"",""auc_cell"":""V4"",""copc_cell"":""W4"",""base_auc_cell"":""B4"",""test_date_cell"":""A4"",""model_header_cell"":""V1"",""metadata_cell"":""V2"",""metadata_raw"":null,""reported_gap_cell"":""X4"",""reported_gap_value"":-0.0006269999999999332,""reported_gap_formula"":""=V4-B4""}]"
2026-08-15,bn_rankmixer_v6_e4,2026-08-16,2026-08-17,2,warm,0.867402,0.994176,0.867867,-0.000465,-4.65,False,observed,2,docs/experiments/RankMixer-汇总-0909.xlsx,Sheet1,V5,W5,B5,"[{""source"":""docs/experiments/RankMixer-汇总-0909.xlsx"",""sheet"":""Sheet1"",""auc_cell"":""V5"",""copc_cell"":""W5"",""base_auc_cell"":""B5"",""test_date_cell"":""A5"",""model_header_cell"":""V1"",""metadata_cell"":""V2"",""metadata_raw"":null,""reported_gap_cell"":""X5"",""reported_gap_value"":-0.0004650000000000487,""reported_gap_formula"":""=V5-B5""},{""source"":""docs/experiments/副本RankMixer-汇总-0909.xlsx"",""sheet"":""Sheet1"",""auc_cell"":""V5"",""copc_cell"":""W5"",""base_auc_cell"":""B5"",""test_date_cell"":""A5"",""model_header_cell"":""V1"",""metadata_cell"":""V2"",""metadata_raw"":null,""reported_gap_cell"":""X5"",""reported_gap_value"":-0.0004650000000000487,""reported_gap_formula"":""=V5-B5""}]"
2026-08-15,bn_rankmixer_v6_e4,2026-08-17,2026-08-18,3,warm,0.868349,1.004021,0.868909,-0.00056,-5.6,False,observed,2,docs/experiments/RankMixer-汇总-0909.xlsx,Sheet1,V6,W6,B6,"[{""source"":""docs/experiments/RankMixer-汇总-0909.xlsx"",""sheet"":""Sheet1"",""auc_cell"":""V6"",""copc_cell"":""W6"",""base_auc_cell"":""B6"",""test_date_cell"":""A6"",""model_header_cell"":""V1"",""metadata_cell"":""V2"",""metadata_raw"":null,""reported_gap_cell"":""X6"",""reported_gap_value"":-0.0005600000000000049,""reported_gap_formula"":""=V6-B6""},{""source"":""docs/experiments/副本RankMixer-汇总-0909.xlsx"",""sheet"":""Sheet1"",""auc_cell"":""V6"",""copc_cell"":""W6"",""base_auc_cell"":""B6"",""test_date_cell"":""A6"",""model_header_cell"":""V1"",""metadata_cell"":""V2"",""metadata_raw"":null,""reported_gap_cell"":""X6"",""reported_gap_value"":-0.0005600000000000049,""reported_gap_formula"":""=V6-B6""}]"
2026-08-15,bn_rankmixer_v7,2026-08-15,2026-08-16,1,cold,0.865866,1.003265,0.86696,-0.001094,-10.94,False,observed,3,docs/experiments/RankMixer-汇总-0909.xlsx,Sheet1,Y4,Z4,B4,"[{""source"":""docs/experiments/RankMixer-汇总-0909.xlsx"",""sheet"":""Sheet1"",""auc_cell"":""Y4"",""copc_cell"":""Z4"",""base_auc_cell"":""B4"",""test_date_cell"":""A4"",""model_header_cell"":""Y1"",""metadata_cell"":""Y2"",""metadata_raw"":null,""reported_gap_cell"":""AA4"",""reported_gap_value"":-0.0010939999999999284,""reported_gap_formula"":""=Y4-B4""},{""source"":""docs/experiments/副本RankMixer-汇总-0909.xlsx"",""sheet"":""Sheet1"",""auc_cell"":""Y4"",""copc_cell"":""Z4"",""base_auc_cell"":""B4"",""test_date_cell"":""A4"",""model_header_cell"":""Y1"",""metadata_cell"":""Y2"",""metadata_raw"":null,""reported_gap_cell"":""AA4"",""reported_gap_value"":-0.0010939999999999284,""reported_gap_formula"":""=Y4-B4""},{""source"":""docs/experiments/RankMixer-汇总.xlsx"",""sheet"":""Sheet1"",""auc_cell"":""Y4"",""copc_cell"":""Z4"",""base_auc_cell"":""B4"",""test_date_cell"":""A4"",""model_header_cell"":""Y1"",""metadata_cell"":""Y2"",""metadata_raw"":null,""reported_gap_cell"":""AA4"",""reported_gap_value"":null,""reported_gap_formula"":null}]"
2026-08-15,bn_rankmixer_v8,2026-08-15,2026-08-16,1,cold,0.866615,1.013728,0.86696,-0.000345,-3.45,False,observed,3,docs/experiments/RankMixer-汇总-0909.xlsx,Sheet1,AB4,AC4,B4,"[{""source"":""docs/experiments/RankMixer-汇总-0909.xlsx"",""sheet"":""Sheet1"",""auc_cell"":""AB4"",""copc_cell"":""AC4"",""base_auc_cell"":""B4"",""test_date_cell"":""A4"",""model_header_cell"":""AB1"",""metadata_cell"":""AB2"",""metadata_raw"":null,""reported_gap_cell"":""AD4"",""reported_gap_value"":-0.0003449999999999287,""reported_gap_formula"":""=AB4-B4""},{""source"":""docs/experiments/副本RankMixer-汇总-0909.xlsx"",""sheet"":""Sheet1"",""auc_cell"":""AB4"",""copc_cell"":""AC4"",""base_auc_cell"":""B4"",""test_date_cell"":""A4"",""model_header_cell"":""AB1"",""metadata_cell"":""AB2"",""metadata_raw"":null,""reported_gap_cell"":""AD4"",""reported_gap_value"":-0.0003449999999999287,""reported_gap_formula"":""=AB4-B4""},{""source"":""docs/experiments/RankMixer-汇总.xlsx"",""sheet"":""Sheet1"",""auc_cell"":""AB4"",""copc_cell"":""AC4"",""base_auc_cell"":""B4"",""test_date_cell"":""A4"",""model_header_cell"":""AB1"",""metadata_cell"":""AB2"",""metadata_raw"":null,""reported_gap_cell"":""AD4"",""reported_gap_value"":-0.0003449999999999287,""reported_gap_formula"":""=AB4-B4""}]"
2026-08-15,bn_rankmixer_v9,2026-08-15,2026-08-16,1,cold,0.865254,1.00673,0.86696,-0.001706,-17.06,False,observed,3,docs/experiments/RankMixer-汇总-0909.xlsx,Sheet1,AE4,AF4,B4,"[{""source"":""docs/experiments/RankMixer-汇总-0909.xlsx"",""sheet"":""Sheet1"",""auc_cell"":""AE4"",""copc_cell"":""AF4"",""base_auc_cell"":""B4"",""test_date_cell"":""A4"",""model_header_cell"":""AE1"",""metadata_cell"":""AE2"",""metadata_raw"":null,""reported_gap_cell"":""AG4"",""reported_gap_value"":-0.0017059999999999853,""reported_gap_formula"":""=AE4-B4""},{""source"":""docs/experiments/副本RankMixer-汇总-0909.xlsx"",""sheet"":""Sheet1"",""auc_cell"":""AE4"",""copc_cell"":""AF4"",""base_auc_cell"":""B4"",""test_date_cell"":""A4"",""model_header_cell"":""AE1"",""metadata_cell"":""AE2"",""metadata_raw"":null,""reported_gap_cell"":""AG4"",""reported_gap_value"":-0.0017059999999999853,""reported_gap_formula"":""=AE4-B4""},{""source"":""docs/experiments/RankMixer-汇总.xlsx"",""sheet"":""Sheet1"",""auc_cell"":""AE4"",""copc_cell"":""AF4"",""base_auc_cell"":""B4"",""test_date_cell"":""A4"",""model_header_cell"":""AE1"",""metadata_cell"":""AE2"",""metadata_raw"":null,""reported_gap_cell"":""AG4"",""reported_gap_value"":-0.0017059999999999853,""reported_gap_formula"":""=AE4-B4""}]"
2026-08-15,cvr-senet-mature-rankmixer-v1,2026-08-15,2026-08-16,1,cold,0.866934,1.005859,0.86696,-2.6e-05,-0.26,False,observed,3,docs/experiments/RankMixer-汇总-0909.xlsx,Sheet1,D48,E48,B48,"[{""source"":""docs/experiments/RankMixer-汇总-0909.xlsx"",""sheet"":""Sheet1"",""auc_cell"":""D48"",""copc_cell"":""E48"",""base_auc_cell"":""B48"",""test_date_cell"":""A48"",""model_header_cell"":""D45"",""metadata_cell"":""D46"",""metadata_raw"":""109M/0.2207GFLOPs/440mins"",""reported_gap_cell"":""F48"",""reported_gap_value"":-2.599999999997049e-05,""reported_gap_formula"":""=D48-B48""},{""source"":""docs/experiments/副本RankMixer-汇总-0909.xlsx"",""sheet"":""Sheet1"",""auc_cell"":""D48"",""copc_cell"":""E48"",""base_auc_cell"":""B48"",""test_date_cell"":""A48"",""model_header_cell"":""D45"",""metadata_cell"":""D46"",""metadata_raw"":""109M/0.2207GFLOPs/440mins"",""reported_gap_cell"":""F48"",""reported_gap_value"":-2.599999999997049e-05,""reported_gap_formula"":""=D48-B48""},{""source"":""docs/experiments/RankMixer-汇总.xlsx"",""sheet"":""Sheet1"",""auc_cell"":""D48"",""copc_cell"":""E48"",""base_auc_cell"":""B48"",""test_date_cell"":""A48"",""model_header_cell"":""D45"",""metadata_cell"":""D46"",""metadata_raw"":""109M/0.2207GFLOPs/440mins"",""reported_gap_cell"":""F48"",""reported_gap_value"":-2.599999999997049e-05,""reported_gap_formula"":""=D48-B48""}]"
2026-08-15,cvr-senet-mature-rankmixer-v1,2026-08-16,2026-08-17,2,warm,0.867801,1.005633,0.867867,-6.6e-05,-0.66,False,observed,3,docs/experiments/RankMixer-汇总-0909.xlsx,Sheet1,D49,E49,B49,"[{""source"":""docs/experiments/RankMixer-汇总-0909.xlsx"",""sheet"":""Sheet1"",""auc_cell"":""D49"",""copc_cell"":""E49"",""base_auc_cell"":""B49"",""test_date_cell"":""A49"",""model_header_cell"":""D45"",""metadata_cell"":""D46"",""metadata_raw"":""109M/0.2207GFLOPs/440mins"",""reported_gap_cell"":""F49"",""reported_gap_value"":-6.60000000000105e-05,""reported_gap_formula"":""=D49-B49""},{""source"":""docs/experiments/副本RankMixer-汇总-0909.xlsx"",""sheet"":""Sheet1"",""auc_cell"":""D49"",""copc_cell"":""E49"",""base_auc_cell"":""B49"",""test_date_cell"":""A49"",""model_header_cell"":""D45"",""metadata_cell"":""D46"",""metadata_raw"":""109M/0.2207GFLOPs/440mins"",""reported_gap_cell"":""F49"",""reported_gap_value"":-6.60000000000105e-05,""reported_gap_formula"":""=D49-B49""},{""source"":""docs/experiments/RankMixer-汇总.xlsx"",""sheet"":""Sheet1"",""auc_cell"":""D49"",""copc_cell"":""E49"",""base_auc_cell"":""B49"",""test_date_cell"":""A49"",""model_header_cell"":""D45"",""metadata_cell"":""D46"",""metadata_raw"":""109M/0.2207GFLOPs/440mins"",""reported_gap_cell"":""F49"",""reported_gap_value"":-6.60000000000105e-05,""reported_gap_formula"":""=D49-B49""}]"
2026-08-15,cvr-senet-mature-rankmixer-v1,2026-08-17,2026-08-18,3,warm,0.868971,0.96362,0.868909,6.2e-05,0.62,False,observed,2,docs/experiments/RankMixer-汇总-0909.xlsx,Sheet1,D50,E50,B50,"[{""source"":""docs/experiments/RankMixer-汇总-0909.xlsx"",""sheet"":""Sheet1"",""auc_cell"":""D50"",""copc_cell"":""E50"",""base_auc_cell"":""B50"",""test_date_cell"":""A50"",""model_header_cell"":""D45"",""metadata_cell"":""D46"",""metadata_raw"":""109M/0.2207GFLOPs/440mins"",""reported_gap_cell"":""F50"",""reported_gap_value"":6.20000000000065e-05,""reported_gap_formula"":""=D50-B50""},{""source"":""docs/experiments/副本RankMixer-汇总-0909.xlsx"",""sheet"":""Sheet1"",""auc_cell"":""D50"",""copc_cell"":""E50"",""base_auc_cell"":""B50"",""test_date_cell"":""A50"",""model_header_cell"":""D45"",""metadata_cell"":""D46"",""metadata_raw"":""109M/0.2207GFLOPs/440mins"",""reported_gap_cell"":""F50"",""reported_gap_value"":6.20000000000065e-05,""reported_gap_formula"":""=D50-B50""}]"
2026-08-15,cvr-senet-mature-rankmixer-v1,2026-08-18,2026-08-19,4,warm,0.869982,0.996293,0.869868,0.000114,1.14,False,observed,2,docs/experiments/RankMixer-汇总-0909.xlsx,Sheet1,D51,E51,B51,"[{""source"":""docs/experiments/RankMixer-汇总-0909.xlsx"",""sheet"":""Sheet1"",""auc_cell"":""D51"",""copc_cell"":""E51"",""base_auc_cell"":""B51"",""test_date_cell"":""A51"",""model_header_cell"":""D45"",""metadata_cell"":""D46"",""metadata_raw"":""109M/0.2207GFLOPs/440mins"",""reported_gap_cell"":""F51"",""reported_gap_value"":0.0001140000000000585,""reported_gap_formula"":""=D51-B51""},{""source"":""docs/experiments/副本RankMixer-汇总-0909.xlsx"",""sheet"":""Sheet1"",""auc_cell"":""D51"",""copc_cell"":""E51"",""base_auc_cell"":""B51"",""test_date_cell"":""A51"",""model_header_cell"":""D45"",""metadata_cell"":""D46"",""metadata_raw"":""109M/0.2207GFLOPs/440mins"",""reported_gap_cell"":""F51"",""reported_gap_value"":0.0001140000000000585,""reported_gap_formula"":""=D51-B51""}]"
2026-08-15,cvr-senet-mature-rankmixer-v1,2026-08-19,2026-08-20,5,warm,0.869643,0.997236,0.869504,0.000139,1.39,False,observed,2,docs/experiments/RankMixer-汇总-0909.xlsx,Sheet1,D52,E52,B52,"[{""source"":""docs/experiments/RankMixer-汇总-0909.xlsx"",""sheet"":""Sheet1"",""auc_cell"":""D52"",""copc_cell"":""E52"",""base_auc_cell"":""B52"",""test_date_cell"":""A52"",""model_header_cell"":""D45"",""metadata_cell"":""D46"",""metadata_raw"":""109M/0.2207GFLOPs/440mins"",""reported_gap_cell"":""F52"",""reported_gap_value"":0.00013900000000000023,""reported_gap_formula"":""=D52-B52""},{""source"":""docs/experiments/副本RankMixer-汇总-0909.xlsx"",""sheet"":""Sheet1"",""auc_cell"":""D52"",""copc_cell"":""E52"",""base_auc_cell"":""B52"",""test_date_cell"":""A52"",""model_header_cell"":""D45"",""metadata_cell"":""D46"",""metadata_raw"":""109M/0.2207GFLOPs/440mins"",""reported_gap_cell"":""F52"",""reported_gap_value"":0.00013900000000000023,""reported_gap_formula"":""=D52-B52""}]"
2026-08-15,cvr-senet-mature-rankmixer-v1,2026-08-20,2026-08-21,6,warm,0.869318,1.022386,0.869311,7e-06,0.07,False,observed,2,docs/experiments/RankMixer-汇总-0909.xlsx,Sheet1,D53,E53,B53,"[{""source"":""docs/experiments/RankMixer-汇总-0909.xlsx"",""sheet"":""Sheet1"",""auc_cell"":""D53"",""copc_cell"":""E53"",""base_auc_cell"":""B53"",""test_date_cell"":""A53"",""model_header_cell"":""D45"",""metadata_cell"":""D46"",""metadata_raw"":""109M/0.2207GFLOPs/440mins"",""reported_gap_cell"":""F53"",""reported_gap_value"":7.000000000090267e-06,""reported_gap_formula"":""=D53-B53""},{""source"":""docs/experiments/副本RankMixer-汇总-0909.xlsx"",""sheet"":""Sheet1"",""auc_cell"":""D53"",""copc_cell"":""E53"",""base_auc_cell"":""B53"",""test_date_cell"":""A53"",""model_header_cell"":""D45"",""metadata_cell"":""D46"",""metadata_raw"":""109M/0.2207GFLOPs/440mins"",""reported_gap_cell"":""F53"",""reported_gap_value"":7.000000000090267e-06,""reported_gap_formula"":""=D53-B53""}]"
2026-08-15,cvr-senet-mature-rankmixer-v1,2026-08-21,2026-08-22,7,warm,0.869135,0.987855,0.869081,5.4e-05,0.54,False,observed,2,docs/experiments/RankMixer-汇总-0909.xlsx,Sheet1,D54,E54,B54,"[{""source"":""docs/experiments/RankMixer-汇总-0909.xlsx"",""sheet"":""Sheet1"",""auc_cell"":""D54"",""copc_cell"":""E54"",""base_auc_cell"":""B54"",""test_date_cell"":""A54"",""model_header_cell"":""D45"",""metadata_cell"":""D46"",""metadata_raw"":""109M/0.2207GFLOPs/440mins"",""reported_gap_cell"":""F54"",""reported_gap_value"":5.3999999999998494e-05,""reported_gap_formula"":""=D54-B54""},{""source"":""docs/experiments/副本RankMixer-汇总-0909.xlsx"",""sheet"":""Sheet1"",""auc_cell"":""D54"",""copc_cell"":""E54"",""base_auc_cell"":""B54"",""test_date_cell"":""A54"",""model_header_cell"":""D45"",""metadata_cell"":""D46"",""metadata_raw"":""109M/0.2207GFLOPs/440mins"",""reported_gap_cell"":""F54"",""reported_gap_value"":5.3999999999998494e-05,""reported_gap_formula"":""=D54-B54""}]"
2026-08-15,cvr-senet-mature-rankmixer-v1,2026-08-22,2026-08-23,8,warm,0.868288,1.000504,0.868243,4.5e-05,0.45,False,observed,2,docs/experiments/RankMixer-汇总-0909.xlsx,Sheet1,D55,E55,B55,"[{""source"":""docs/experiments/RankMixer-汇总-0909.xlsx"",""sheet"":""Sheet1"",""auc_cell"":""D55"",""copc_cell"":""E55"",""base_auc_cell"":""B55"",""test_date_cell"":""A55"",""model_header_cell"":""D45"",""metadata_cell"":""D46"",""metadata_raw"":""109M/0.2207GFLOPs/440mins"",""reported_gap_cell"":""F55"",""reported_gap_value"":4.499999999996174e-05,""reported_gap_formula"":""=D55-B55""},{""source"":""docs/experiments/副本RankMixer-汇总-0909.xlsx"",""sheet"":""Sheet1"",""auc_cell"":""D55"",""copc_cell"":""E55"",""base_auc_cell"":""B55"",""test_date_cell"":""A55"",""model_header_cell"":""D45"",""metadata_cell"":""D46"",""metadata_raw"":""109M/0.2207GFLOPs/440mins"",""reported_gap_cell"":""F55"",""reported_gap_value"":4.499999999996174e-05,""reported_gap_formula"":""=D55-B55""}]"
2026-08-15,cvr-senet-mature-rankmixer-v1,2026-08-23,2026-08-24,9,warm,0.868061,0.989155,0.867981,8e-05,0.8,False,observed,2,docs/experiments/RankMixer-汇总-0909.xlsx,Sheet1,D56,E56,B56,"[{""source"":""docs/experiments/RankMixer-汇总-0909.xlsx"",""sheet"":""Sheet1"",""auc_cell"":""D56"",""copc_cell"":""E56"",""base_auc_cell"":""B56"",""test_date_cell"":""A56"",""model_header_cell"":""D45"",""metadata_cell"":""D46"",""metadata_raw"":""109M/0.2207GFLOPs/440mins"",""reported_gap_cell"":""F56"",""reported_gap_value"":7.999999999996898e-05,""reported_gap_formula"":""=D56-B56""},{""source"":""docs/experiments/副本RankMixer-汇总-0909.xlsx"",""sheet"":""Sheet1"",""auc_cell"":""D56"",""copc_cell"":""E56"",""base_auc_cell"":""B56"",""test_date_cell"":""A56"",""model_header_cell"":""D45"",""metadata_cell"":""D46"",""metadata_raw"":""109M/0.2207GFLOPs/440mins"",""reported_gap_cell"":""F56"",""reported_gap_value"":7.999999999996898e-05,""reported_gap_formula"":""=D56-B56""}]"
2026-08-15,cvr-senet-mature-rankmixer-v4,2026-08-15,2026-08-16,1,cold,0.866206,1.016601,0.86696,-0.000754,-7.54,False,observed,3,docs/experiments/RankMixer-汇总-0909.xlsx,Sheet1,G48,H48,B48,"[{""source"":""docs/experiments/RankMixer-汇总-0909.xlsx"",""sheet"":""Sheet1"",""auc_cell"":""G48"",""copc_cell"":""H48"",""base_auc_cell"":""B48"",""test_date_cell"":""A48"",""model_header_cell"":""G45"",""metadata_cell"":""G46"",""metadata_raw"":""164M/0.3312GFLOPs/520mins"",""reported_gap_cell"":""I48"",""reported_gap_value"":-0.0007539999999999214,""reported_gap_formula"":""=G48-B48""},{""source"":""docs/experiments/副本RankMixer-汇总-0909.xlsx"",""sheet"":""Sheet1"",""auc_cell"":""G48"",""copc_cell"":""H48"",""base_auc_cell"":""B48"",""test_date_cell"":""A48"",""model_header_cell"":""G45"",""metadata_cell"":""G46"",""metadata_raw"":""164M/0.3312GFLOPs/520mins"",""reported_gap_cell"":""I48"",""reported_gap_value"":-0.0007539999999999214,""reported_gap_formula"":""=G48-B48""},{""source"":""docs/experiments/RankMixer-汇总.xlsx"",""sheet"":""Sheet1"",""auc_cell"":""G48"",""copc_cell"":""H48"",""base_auc_cell"":""B48"",""test_date_cell"":""A48"",""model_header_cell"":""G45"",""metadata_cell"":""G46"",""metadata_raw"":""164M/0.3312GFLOPs/520mins"",""reported_gap_cell"":""I48"",""reported_gap_value"":-0.0007539999999999214,""reported_gap_formula"":""=G48-B48""}]"
2026-08-15,cvr-senet-mature-rankmixer-v5,2026-08-15,2026-08-16,1,cold,0.866289,0.997439,0.86696,-0.000671,-6.71,False,observed,3,docs/experiments/RankMixer-汇总-0909.xlsx,Sheet1,J48,K48,B48,"[{""source"":""docs/experiments/RankMixer-汇总-0909.xlsx"",""sheet"":""Sheet1"",""auc_cell"":""J48"",""copc_cell"":""K48"",""base_auc_cell"":""B48"",""test_date_cell"":""A48"",""model_header_cell"":""J45"",""metadata_cell"":""J46"",""metadata_raw"":""199M/535mins"",""reported_gap_cell"":""L48"",""reported_gap_value"":-0.0006709999999999772,""reported_gap_formula"":""=J48-B48""},{""source"":""docs/experiments/副本RankMixer-汇总-0909.xlsx"",""sheet"":""Sheet1"",""auc_cell"":""J48"",""copc_cell"":""K48"",""base_auc_cell"":""B48"",""test_date_cell"":""A48"",""model_header_cell"":""J45"",""metadata_cell"":""J46"",""metadata_raw"":""199M/535mins"",""reported_gap_cell"":""L48"",""reported_gap_value"":-0.0006709999999999772,""reported_gap_formula"":""=J48-B48""},{""source"":""docs/experiments/RankMixer-汇总.xlsx"",""sheet"":""Sheet1"",""auc_cell"":""J48"",""copc_cell"":""K48"",""base_auc_cell"":""B48"",""test_date_cell"":""A48"",""model_header_cell"":""J45"",""metadata_cell"":""J46"",""metadata_raw"":""135.775M/535mins"",""reported_gap_cell"":""L48"",""reported_gap_value"":-0.0006709999999999772,""reported_gap_formula"":""=J48-B48""}]"
2026-08-15,unimixer_v1,2026-08-15,2026-08-16,1,cold,0.865662,1.00365,0.86696,-0.001298,-12.98,False,observed,3,docs/experiments/RankMixer-汇总-0909.xlsx,Sheet1,AH4,AI4,B4,"[{""source"":""docs/experiments/RankMixer-汇总-0909.xlsx"",""sheet"":""Sheet1"",""auc_cell"":""AH4"",""copc_cell"":""AI4"",""base_auc_cell"":""B4"",""test_date_cell"":""A4"",""model_header_cell"":""AH1"",""metadata_cell"":""AH2"",""metadata_raw"":null,""reported_gap_cell"":""AJ4"",""reported_gap_value"":-0.0012979999999999103,""reported_gap_formula"":""=AH4-B4""},{""source"":""docs/experiments/副本RankMixer-汇总-0909.xlsx"",""sheet"":""Sheet1"",""auc_cell"":""AH4"",""copc_cell"":""AI4"",""base_auc_cell"":""B4"",""test_date_cell"":""A4"",""model_header_cell"":""AH1"",""metadata_cell"":""AH2"",""metadata_raw"":null,""reported_gap_cell"":""AJ4"",""reported_gap_value"":-0.0012979999999999103,""reported_gap_formula"":""=AH4-B4""},{""source"":""docs/experiments/RankMixer-汇总.xlsx"",""sheet"":""Sheet1"",""auc_cell"":""AH4"",""copc_cell"":""AI4"",""base_auc_cell"":""B4"",""test_date_cell"":""A4"",""model_header_cell"":""AH1"",""metadata_cell"":""AH2"",""metadata_raw"":null,""reported_gap_cell"":""AJ4"",""reported_gap_value"":-0.0012979999999999103,""reported_gap_formula"":""=AH4-B4""}]"
